GHO (CODE),GHO (DISPLAY),GHO (URL),YEAR (DISPLAY),STARTYEAR,ENDYEAR,REGION (CODE),REGION (DISPLAY),COUNTRY (CODE),COUNTRY (DISPLAY),DIMENSION (TYPE),DIMENSION (CODE),DIMENSION (NAME),Numeric,Value,Low,High
#indicator+code,#indicator+name,#indicator+url,#date+year,#date+year+start,#date+year+end,#region+code,#region+name,#country+code,#country+name,#dimension+type,#dimension+code,#dimension+name,#indicator+value+num,#indicator+value,#indicator+value+low,#indicator+value+high
GHED_OOPSCHE_SHA2011,Out-of-pocket expenditure as percentage of current health expenditure (CHE) (%),https://www.who.int/data/gho/data/indicators/indicator-details/GHO/out-of-pocket-expenditure-as-percentage-of-current-health-expenditure-%28che%29-%28-%29,2001,2001,2001,EUR,Europe,CHE,Switzerland,,,,30.11981773,30.12,,
GHED_EXT_pc_US_SHA2011,External health expenditure (EXT) per capita in US$,https://www.who.int/data/gho/data/indicators/indicator-details/GHO/external-health-expenditure-%28ext%29-per-capita-in-us,2016,2016,2016,EUR,Europe,CHE,Switzerland,,,,0.0,0,,
GHED_OOPSCHE_SHA2011,Out-of-pocket expenditure as percentage of current health expenditure (CHE) (%),https://www.who.int/data/gho/data/indicators/indicator-details/GHO/out-of-pocket-expenditure-as-percentage-of-current-health-expenditure-%28che%29-%28-%29,2014,2014,2014,EUR,Europe,CHE,Switzerland,,,,22.59694481,22.6,,
GHED_OOP_pc_US_SHA2011,Out-of-pocket expenditure (OOP) per capita in US$,https://www.who.int/data/gho/data/indicators/indicator-details/GHO/out-of-pocket-expenditure-%28oop%29-per-capita-in-us,2014,2014,2014,EUR,Europe,CHE,Switzerland,,,,2158.111008,2158.11,,
GHED_PVT-DCHE_SHA2011,Domestic private health expenditure (PVT-D) as percentage of current health expenditure (CHE) (%),https://www.who.int/data/gho/data/indicators/indicator-details/GHO/domestic-private-health-expenditure-%28pvt-d%29-as-percentage-of-current-health-expenditure-%28che%29-%28-%29,2001,2001,2001,EUR,Europe,CHE,Switzerland,,,,70.03432465,70.03,,
GHED_GGHE-DCHE_SHA2011,Domestic general government health expenditure (GGHE-D) as percentage of current health expenditure (CHE) (%),https://www.who.int/data/gho/data/indicators/indicator-details/GHO/domestic-general-government-health-expenditure-%28gche-d%29-as-percentage-of-current-health-expenditure,2009,2009,2009,EUR,Europe,CHE,Switzerland,,,,32.14887238,32.15,,
GHED_PVT-DCHE_SHA2011,Domestic private health expenditure (PVT-D) as percentage of current health expenditure (CHE) (%),https://www.who.int/data/gho/data/indicators/indicator-details/GHO/domestic-private-health-expenditure-%28pvt-d%29-as-percentage-of-current-health-expenditure-%28che%29-%28-%29,2011,2011,2011,EUR,Europe,CHE,Switzerland,,,,66.18217468,66.18,,
GHED_GGHE-DGDP_SHA2011,Domestic general government health expenditure (GGHE-D) as percentage of gross domestic product (GDP) (%),https://www.who.int/data/gho/data/indicators/indicator-details/GHO/domestic-general-government-health-expenditure-%28gghe-d%29-as-percentage-of-gross-domestic-product-%28gdp%29-%28-%29,2007,2007,2007,EUR,Europe,CHE,Switzerland,,,,2.89200497,2.89,,
GHED_EXTCHE_SHA2011,External health expenditure (EXT) as percentage of current health expenditure (CHE) (%),https://www.who.int/data/gho/data/indicators/indicator-details/GHO/external-health-expenditure-%28ext%29-as-percentage-of-current-health-expenditure-%28che%29-%28-%29,2017,2017,2017,EUR,Europe,CHE,Switzerland,,,,0.0,0,,
GHED_PVT-DCHE_SHA2011,Domestic private health expenditure (PVT-D) as percentage of current health expenditure (CHE) (%),https://www.who.int/data/gho/data/indicators/indicator-details/GHO/domestic-private-health-expenditure-%28pvt-d%29-as-percentage-of-current-health-expenditure-%28che%29-%28-%29,2004,2004,2004,EUR,Europe,CHE,Switzerland,,,,69.11468506,69.11,,
GHED_GGHE-DGGE_SHA2011,Domestic general government health expenditure (GGHE-D) as percentage of general government expenditure (GGE) (%),https://www.who.int/data/gho/data/indicators/indicator-details/GHO/domestic-general-government-health-expenditure-%28gghe-d%29-as-percentage-of-general-government-expenditure-%28gge%29,2004,2004,2004,EUR,Europe,CHE,Switzerland,,,,9.30845737,9.31,,
GHED_GGHE-D_pc_US_SHA2011,Domestic general government health expenditure (GGHE-D) per capita in US$,https://www.who.int/data/gho/data/indicators/indicator-details/GHO/domestic-general-government-health-expenditure-%28gghe-d%29-per-capita-in-us,2012,2012,2012,EUR,Europe,CHE,Switzerland,,,,3083.53909,3083.54,,
GHED_GGHE-DGDP_SHA2011,Domestic general government health expenditure (GGHE-D) as percentage of gross domestic product (GDP) (%),https://www.who.int/data/gho/data/indicators/indicator-details/GHO/domestic-general-government-health-expenditure-%28gghe-d%29-as-percentage-of-gross-domestic-product-%28gdp%29-%28-%29,2020,2020,2020,EUR,Europe,CHE,Switzerland,,,,4.30984116,4.31,,
GHED_GGHE-DGGE_SHA2011,Domestic general government health expenditure (GGHE-D) as percentage of general government expenditure (GGE) (%),https://www.who.int/data/gho/data/indicators/indicator-details/GHO/domestic-general-government-health-expenditure-%28gghe-d%29-as-percentage-of-general-government-expenditure-%28gge%29,2011,2011,2011,EUR,Europe,CHE,Switzerland,,,,10.57389641,10.57,,
GHED_PVT-D_pc_US_SHA2011,Domestic private health expenditure (PVT-D) per capita in US$,https://www.who.int/data/gho/data/indicators/indicator-details/GHO/domestic-private-health-expenditure-%28pvt-d%29-per-capita-in-usd,2009,2009,2009,EUR,Europe,CHE,Switzerland,,,,4951.354536,4951.35,,
GHED_GGHE-DCHE_SHA2011,Domestic general government health expenditure (GGHE-D) as percentage of current health expenditure (CHE) (%),https://www.who.int/data/gho/data/indicators/indicator-details/GHO/domestic-general-government-health-expenditure-%28gche-d%29-as-percentage-of-current-health-expenditure,2013,2013,2013,EUR,Europe,CHE,Switzerland,,,,33.6593895,33.66,,
GHED_CHEGDP_SHA2011,Current health expenditure (CHE) as percentage of gross domestic product (GDP) (%),https://www.who.int/data/gho/data/indicators/indicator-details/GHO/current-health-expenditure-%28che%29-as-percentage-of-gross-domestic-product-%28gdp%29-%28-%29,2011,2011,2011,EUR,Europe,CHE,Switzerland,,,,10.11940575,10.12,,
GHED_OOPSCHE_SHA2011,Out-of-pocket expenditure as percentage of current health expenditure (CHE) (%),https://www.who.int/data/gho/data/indicators/indicator-details/GHO/out-of-pocket-expenditure-as-percentage-of-current-health-expenditure-%28che%29-%28-%29,2018,2018,2018,EUR,Europe,CHE,Switzerland,,,,21.94914818,21.95,,
GHED_GGHE-DCHE_SHA2011,Domestic general government health expenditure (GGHE-D) as percentage of current health expenditure (CHE) (%),https://www.who.int/data/gho/data/indicators/indicator-details/GHO/domestic-general-government-health-expenditure-%28gche-d%29-as-percentage-of-current-health-expenditure,2014,2014,2014,EUR,Europe,CHE,Switzerland,,,,33.79611588,33.8,,
GHED_OOPSCHE_SHA2011,Out-of-pocket expenditure as percentage of current health expenditure (CHE) (%),https://www.who.int/data/gho/data/indicators/indicator-details/GHO/out-of-pocket-expenditure-as-percentage-of-current-health-expenditure-%28che%29-%28-%29,2006,2006,2006,EUR,Europe,CHE,Switzerland,,,,27.3494606,27.35,,
GHED_OOPSCHE_SHA2011,Out-of-pocket expenditure as percentage of current health expenditure (CHE) (%),https://www.who.int/data/gho/data/indicators/indicator-details/GHO/out-of-pocket-expenditure-as-percentage-of-current-health-expenditure-%28che%29-%28-%29,2015,2015,2015,EUR,Europe,CHE,Switzerland,,,,22.02448845,22.02,,
GHED_PVT-D_pc_US_SHA2011,Domestic private health expenditure (PVT-D) per capita in US$,https://www.who.int/data/gho/data/indicators/indicator-details/GHO/domestic-private-health-expenditure-%28pvt-d%29-per-capita-in-usd,2022,2022,2022,EUR,Europe,CHE,Switzerland,,,,7131.237766,7131.24,,
GHED_CHE_pc_US_SHA2011,Current health expenditure (CHE) per capita in US$,https://www.who.int/data/gho/data/indicators/indicator-details/GHO/current-health-expenditure-%28che%29-per-capita-in-us-dollar,2000,2000,2000,EUR,Europe,CHE,Switzerland,,,,3559.819824,3559.82,,
GHED_GGHE-D_pc_US_SHA2011,Domestic general government health expenditure (GGHE-D) per capita in US$,https://www.who.int/data/gho/data/indicators/indicator-details/GHO/domestic-general-government-health-expenditure-%28gghe-d%29-per-capita-in-us,2008,2008,2008,EUR,Europe,CHE,Switzerland,,,,2250.53778,2250.54,,
GHED_OOP_pc_US_SHA2011,Out-of-pocket expenditure (OOP) per capita in US$,https://www.who.int/data/gho/data/indicators/indicator-details/GHO/out-of-pocket-expenditure-%28oop%29-per-capita-in-us,2005,2005,2005,EUR,Europe,CHE,Switzerland,,,,1540.137098,1540.14,,
GHED_EXT_pc_US_SHA2011,External health expenditure (EXT) per capita in US$,https://www.who.int/data/gho/data/indicators/indicator-details/GHO/external-health-expenditure-%28ext%29-per-capita-in-us,2012,2012,2012,EUR,Europe,CHE,Switzerland,,,,0.0,0,,
GHED_PVT-D_pc_US_SHA2011,Domestic private health expenditure (PVT-D) per capita in US$,https://www.who.int/data/gho/data/indicators/indicator-details/GHO/domestic-private-health-expenditure-%28pvt-d%29-per-capita-in-usd,2021,2021,2021,EUR,Europe,CHE,Switzerland,,,,7225.68474,7225.68,,
GHED_GGHE-DCHE_SHA2011,Domestic general government health expenditure (GGHE-D) as percentage of current health expenditure (CHE) (%),https://www.who.int/data/gho/data/indicators/indicator-details/GHO/domestic-general-government-health-expenditure-%28gche-d%29-as-percentage-of-current-health-expenditure,2012,2012,2012,EUR,Europe,CHE,Switzerland,,,,34.53272247,34.53,,
GHED_GGHE-D_pc_US_SHA2011,Domestic general government health expenditure (GGHE-D) per capita in US$,https://www.who.int/data/gho/data/indicators/indicator-details/GHO/domestic-general-government-health-expenditure-%28gghe-d%29-per-capita-in-us,2016,2016,2016,EUR,Europe,CHE,Switzerland,,,,3131.213345,3131.21,,
GHED_GGHE-D_pc_US_SHA2011,Domestic general government health expenditure (GGHE-D) per capita in US$,https://www.who.int/data/gho/data/indicators/indicator-details/GHO/domestic-general-government-health-expenditure-%28gghe-d%29-per-capita-in-us,2003,2003,2003,EUR,Europe,CHE,Switzerland,,,,1576.1057,1576.11,,
GHED_PVT-D_pc_US_SHA2011,Domestic private health expenditure (PVT-D) per capita in US$,https://www.who.int/data/gho/data/indicators/indicator-details/GHO/domestic-private-health-expenditure-%28pvt-d%29-per-capita-in-usd,2007,2007,2007,EUR,Europe,CHE,Switzerland,,,,4264.552453,4264.55,,
GHED_GGHE-DGDP_SHA2011,Domestic general government health expenditure (GGHE-D) as percentage of gross domestic product (GDP) (%),https://www.who.int/data/gho/data/indicators/indicator-details/GHO/domestic-general-government-health-expenditure-%28gghe-d%29-as-percentage-of-gross-domestic-product-%28gdp%29-%28-%29,2005,2005,2005,EUR,Europe,CHE,Switzerland,,,,3.12288141,3.12,,
GHED_GGHE-D_pc_US_SHA2011,Domestic general government health expenditure (GGHE-D) per capita in US$,https://www.who.int/data/gho/data/indicators/indicator-details/GHO/domestic-general-government-health-expenditure-%28gghe-d%29-per-capita-in-us,2019,2019,2019,EUR,Europe,CHE,Switzerland,,,,3232.68217,3232.68,,
GHED_PVT-DCHE_SHA2011,Domestic private health expenditure (PVT-D) as percentage of current health expenditure (CHE) (%),https://www.who.int/data/gho/data/indicators/indicator-details/GHO/domestic-private-health-expenditure-%28pvt-d%29-as-percentage-of-current-health-expenditure-%28che%29-%28-%29,2005,2005,2005,EUR,Europe,CHE,Switzerland,,,,68.95198822,68.95,,
GHED_GGHE-DGGE_SHA2011,Domestic general government health expenditure (GGHE-D) as percentage of general government expenditure (GGE) (%),https://www.who.int/data/gho/data/indicators/indicator-details/GHO/domestic-general-government-health-expenditure-%28gghe-d%29-as-percentage-of-general-government-expenditure-%28gge%29,2012,2012,2012,EUR,Europe,CHE,Switzerland,,,,10.93145657,10.93,,
GHED_CHE_pc_US_SHA2011,Current health expenditure (CHE) per capita in US$,https://www.who.int/data/gho/data/indicators/indicator-details/GHO/current-health-expenditure-%28che%29-per-capita-in-us-dollar,2019,2019,2019,EUR,Europe,CHE,Switzerland,,,,9646.913086,9646.91,,
GHED_CHEGDP_SHA2011,Current health expenditure (CHE) as percentage of gross domestic product (GDP) (%),https://www.who.int/data/gho/data/indicators/indicator-details/GHO/current-health-expenditure-%28che%29-as-percentage-of-gross-domestic-product-%28gdp%29-%28-%29,2006,2006,2006,EUR,Europe,CHE,Switzerland,,,,9.5802002,9.58,,
GHED_GGHE-D_pc_US_SHA2011,Domestic general government health expenditure (GGHE-D) per capita in US$,https://www.who.int/data/gho/data/indicators/indicator-details/GHO/domestic-general-government-health-expenditure-%28gghe-d%29-per-capita-in-us,2017,2017,2017,EUR,Europe,CHE,Switzerland,,,,3174.936048,3174.94,,
GHED_OOP_pc_US_SHA2011,Out-of-pocket expenditure (OOP) per capita in US$,https://www.who.int/data/gho/data/indicators/indicator-details/GHO/out-of-pocket-expenditure-%28oop%29-per-capita-in-us,2010,2010,2010,EUR,Europe,CHE,Switzerland,,,,1845.619602,1845.62,,
GHED_GGHE-DGDP_SHA2011,Domestic general government health expenditure (GGHE-D) as percentage of gross domestic product (GDP) (%),https://www.who.int/data/gho/data/indicators/indicator-details/GHO/domestic-general-government-health-expenditure-%28gghe-d%29-as-percentage-of-gross-domestic-product-%28gdp%29-%28-%29,2002,2002,2002,EUR,Europe,CHE,Switzerland,,,,3.09866619,3.1,,
GHED_GGHE-D_pc_US_SHA2011,Domestic general government health expenditure (GGHE-D) per capita in US$,https://www.who.int/data/gho/data/indicators/indicator-details/GHO/domestic-general-government-health-expenditure-%28gghe-d%29-per-capita-in-us,2020,2020,2020,EUR,Europe,CHE,Switzerland,,,,3715.393081,3715.39,,
GHED_GGHE-DGDP_SHA2011,Domestic general government health expenditure (GGHE-D) as percentage of gross domestic product (GDP) (%),https://www.who.int/data/gho/data/indicators/indicator-details/GHO/domestic-general-government-health-expenditure-%28gghe-d%29-as-percentage-of-gross-domestic-product-%28gdp%29-%28-%29,2012,2012,2012,EUR,Europe,CHE,Switzerland,,,,3.57339406,3.57,,
GHED_OOPSCHE_SHA2011,Out-of-pocket expenditure as percentage of current health expenditure (CHE) (%),https://www.who.int/data/gho/data/indicators/indicator-details/GHO/out-of-pocket-expenditure-as-percentage-of-current-health-expenditure-%28che%29-%28-%29,2003,2003,2003,EUR,Europe,CHE,Switzerland,,,,28.62252808,28.62,,
GHED_EXTCHE_SHA2011,External health expenditure (EXT) as percentage of current health expenditure (CHE) (%),https://www.who.int/data/gho/data/indicators/indicator-details/GHO/external-health-expenditure-%28ext%29-as-percentage-of-current-health-expenditure-%28che%29-%28-%29,2014,2014,2014,EUR,Europe,CHE,Switzerland,,,,0.0,0,,
GHED_GGHE-D_pc_US_SHA2011,Domestic general government health expenditure (GGHE-D) per capita in US$,https://www.who.int/data/gho/data/indicators/indicator-details/GHO/domestic-general-government-health-expenditure-%28gghe-d%29-per-capita-in-us,2014,2014,2014,EUR,Europe,CHE,Switzerland,,,,3227.682776,3227.68,,
GHED_PVT-DCHE_SHA2011,Domestic private health expenditure (PVT-D) as percentage of current health expenditure (CHE) (%),https://www.who.int/data/gho/data/indicators/indicator-details/GHO/domestic-private-health-expenditure-%28pvt-d%29-as-percentage-of-current-health-expenditure-%28che%29-%28-%29,2015,2015,2015,EUR,Europe,CHE,Switzerland,,,,66.39602661,66.4,,
GHED_PVT-DCHE_SHA2011,Domestic private health expenditure (PVT-D) as percentage of current health expenditure (CHE) (%),https://www.who.int/data/gho/data/indicators/indicator-details/GHO/domestic-private-health-expenditure-%28pvt-d%29-as-percentage-of-current-health-expenditure-%28che%29-%28-%29,2020,2020,2020,EUR,Europe,CHE,Switzerland,,,,64.09674835,64.1,,
GHED_GGHE-DGGE_SHA2011,Domestic general government health expenditure (GGHE-D) as percentage of general government expenditure (GGE) (%),https://www.who.int/data/gho/data/indicators/indicator-details/GHO/domestic-general-government-health-expenditure-%28gghe-d%29-as-percentage-of-general-government-expenditure-%28gge%29,2001,2001,2001,EUR,Europe,CHE,Switzerland,,,,8.69527817,8.7,,
GHED_CHEGDP_SHA2011,Current health expenditure (CHE) as percentage of gross domestic product (GDP) (%),https://www.who.int/data/gho/data/indicators/indicator-details/GHO/current-health-expenditure-%28che%29-as-percentage-of-gross-domestic-product-%28gdp%29-%28-%29,2000,2000,2000,EUR,Europe,CHE,Switzerland,,,,9.13442421,9.13,,
GHED_GGHE-DCHE_SHA2011,Domestic general government health expenditure (GGHE-D) as percentage of current health expenditure (CHE) (%),https://www.who.int/data/gho/data/indicators/indicator-details/GHO/domestic-general-government-health-expenditure-%28gche-d%29-as-percentage-of-current-health-expenditure,2002,2002,2002,EUR,Europe,CHE,Switzerland,,,,31.36301231,31.36,,
GHED_EXT_pc_US_SHA2011,External health expenditure (EXT) per capita in US$,https://www.who.int/data/gho/data/indicators/indicator-details/GHO/external-health-expenditure-%28ext%29-per-capita-in-us,2015,2015,2015,EUR,Europe,CHE,Switzerland,,,,0.0,0,,
GHED_GGHE-D_pc_US_SHA2011,Domestic general government health expenditure (GGHE-D) per capita in US$,https://www.who.int/data/gho/data/indicators/indicator-details/GHO/domestic-general-government-health-expenditure-%28gghe-d%29-per-capita-in-us,2018,2018,2018,EUR,Europe,CHE,Switzerland,,,,3210.291138,3210.29,,
GHED_GGHE-DCHE_SHA2011,Domestic general government health expenditure (GGHE-D) as percentage of current health expenditure (CHE) (%),https://www.who.int/data/gho/data/indicators/indicator-details/GHO/domestic-general-government-health-expenditure-%28gche-d%29-as-percentage-of-current-health-expenditure,2021,2021,2021,EUR,Europe,CHE,Switzerland,,,,35.84143829,35.84,,
GHED_OOPSCHE_SHA2011,Out-of-pocket expenditure as percentage of current health expenditure (CHE) (%),https://www.who.int/data/gho/data/indicators/indicator-details/GHO/out-of-pocket-expenditure-as-percentage-of-current-health-expenditure-%28che%29-%28-%29,2000,2000,2000,EUR,Europe,CHE,Switzerland,,,,31.04061699,31.04,,
GHED_OOPSCHE_SHA2011,Out-of-pocket expenditure as percentage of current health expenditure (CHE) (%),https://www.who.int/data/gho/data/indicators/indicator-details/GHO/out-of-pocket-expenditure-as-percentage-of-current-health-expenditure-%28che%29-%28-%29,2013,2013,2013,EUR,Europe,CHE,Switzerland,,,,22.75039864,22.75,,
GHED_EXTCHE_SHA2011,External health expenditure (EXT) as percentage of current health expenditure (CHE) (%),https://www.who.int/data/gho/data/indicators/indicator-details/GHO/external-health-expenditure-%28ext%29-as-percentage-of-current-health-expenditure-%28che%29-%28-%29,2010,2010,2010,EUR,Europe,CHE,Switzerland,,,,0.0,0,,
GHED_PVT-DCHE_SHA2011,Domestic private health expenditure (PVT-D) as percentage of current health expenditure (CHE) (%),https://www.who.int/data/gho/data/indicators/indicator-details/GHO/domestic-private-health-expenditure-%28pvt-d%29-as-percentage-of-current-health-expenditure-%28che%29-%28-%29,2012,2012,2012,EUR,Europe,CHE,Switzerland,,,,65.46727753,65.47,,
GHED_EXTCHE_SHA2011,External health expenditure (EXT) as percentage of current health expenditure (CHE) (%),https://www.who.int/data/gho/data/indicators/indicator-details/GHO/external-health-expenditure-%28ext%29-as-percentage-of-current-health-expenditure-%28che%29-%28-%29,2018,2018,2018,EUR,Europe,CHE,Switzerland,,,,0.0,0,,
GHED_EXT_pc_US_SHA2011,External health expenditure (EXT) per capita in US$,https://www.who.int/data/gho/data/indicators/indicator-details/GHO/external-health-expenditure-%28ext%29-per-capita-in-us,2000,2000,2000,EUR,Europe,CHE,Switzerland,,,,0.0,0,,
GHED_OOPSCHE_SHA2011,Out-of-pocket expenditure as percentage of current health expenditure (CHE) (%),https://www.who.int/data/gho/data/indicators/indicator-details/GHO/out-of-pocket-expenditure-as-percentage-of-current-health-expenditure-%28che%29-%28-%29,2022,2022,2022,EUR,Europe,CHE,Switzerland,,,,21.58273506,21.58,,
GHED_PVT-DCHE_SHA2011,Domestic private health expenditure (PVT-D) as percentage of current health expenditure (CHE) (%),https://www.who.int/data/gho/data/indicators/indicator-details/GHO/domestic-private-health-expenditure-%28pvt-d%29-as-percentage-of-current-health-expenditure-%28che%29-%28-%29,2019,2019,2019,EUR,Europe,CHE,Switzerland,,,,66.4899826,66.49,,
GHED_PVT-DCHE_SHA2011,Domestic private health expenditure (PVT-D) as percentage of current health expenditure (CHE) (%),https://www.who.int/data/gho/data/indicators/indicator-details/GHO/domestic-private-health-expenditure-%28pvt-d%29-as-percentage-of-current-health-expenditure-%28che%29-%28-%29,2006,2006,2006,EUR,Europe,CHE,Switzerland,,,,69.39105225,69.39,,
GHED_OOPSCHE_SHA2011,Out-of-pocket expenditure as percentage of current health expenditure (CHE) (%),https://www.who.int/data/gho/data/indicators/indicator-details/GHO/out-of-pocket-expenditure-as-percentage-of-current-health-expenditure-%28che%29-%28-%29,2017,2017,2017,EUR,Europe,CHE,Switzerland,,,,21.64155197,21.64,,
GHED_PVT-D_pc_US_SHA2011,Domestic private health expenditure (PVT-D) per capita in US$,https://www.who.int/data/gho/data/indicators/indicator-details/GHO/domestic-private-health-expenditure-%28pvt-d%29-per-capita-in-usd,2005,2005,2005,EUR,Europe,CHE,Switzerland,,,,3912.294528,3912.29,,
GHED_CHE_pc_US_SHA2011,Current health expenditure (CHE) per capita in US$,https://www.who.int/data/gho/data/indicators/indicator-details/GHO/current-health-expenditure-%28che%29-per-capita-in-us-dollar,2008,2008,2008,EUR,Europe,CHE,Switzerland,,,,7120.652832,7120.65,,
GHED_CHE_pc_US_SHA2011,Current health expenditure (CHE) per capita in US$,https://www.who.int/data/gho/data/indicators/indicator-details/GHO/current-health-expenditure-%28che%29-per-capita-in-us-dollar,2015,2015,2015,EUR,Europe,CHE,Switzerland,,,,9272.515625,9272.52,,
GHED_CHEGDP_SHA2011,Current health expenditure (CHE) as percentage of gross domestic product (GDP) (%),https://www.who.int/data/gho/data/indicators/indicator-details/GHO/current-health-expenditure-%28che%29-as-percentage-of-gross-domestic-product-%28gdp%29-%28-%29,2015,2015,2015,EUR,Europe,CHE,Switzerland,,,,11.00444603,11,,
GHED_OOPSCHE_SHA2011,Out-of-pocket expenditure as percentage of current health expenditure (CHE) (%),https://www.who.int/data/gho/data/indicators/indicator-details/GHO/out-of-pocket-expenditure-as-percentage-of-current-health-expenditure-%28che%29-%28-%29,2016,2016,2016,EUR,Europe,CHE,Switzerland,,,,21.29368019,21.29,,
GHED_CHEGDP_SHA2011,Current health expenditure (CHE) as percentage of gross domestic product (GDP) (%),https://www.who.int/data/gho/data/indicators/indicator-details/GHO/current-health-expenditure-%28che%29-as-percentage-of-gross-domestic-product-%28gdp%29-%28-%29,2018,2018,2018,EUR,Europe,CHE,Switzerland,,,,11.19891071,11.2,,
GHED_GGHE-DGGE_SHA2011,Domestic general government health expenditure (GGHE-D) as percentage of general government expenditure (GGE) (%),https://www.who.int/data/gho/data/indicators/indicator-details/GHO/domestic-general-government-health-expenditure-%28gghe-d%29-as-percentage-of-general-government-expenditure-%28gge%29,2018,2018,2018,EUR,Europe,CHE,Switzerland,,,,11.37870598,11.38,,
GHED_EXTCHE_SHA2011,External health expenditure (EXT) as percentage of current health expenditure (CHE) (%),https://www.who.int/data/gho/data/indicators/indicator-details/GHO/external-health-expenditure-%28ext%29-as-percentage-of-current-health-expenditure-%28che%29-%28-%29,2008,2008,2008,EUR,Europe,CHE,Switzerland,,,,0.0,0,,
GHED_PVT-D_pc_US_SHA2011,Domestic private health expenditure (PVT-D) per capita in US$,https://www.who.int/data/gho/data/indicators/indicator-details/GHO/domestic-private-health-expenditure-%28pvt-d%29-per-capita-in-usd,2014,2014,2014,EUR,Europe,CHE,Switzerland,,,,6322.771893,6322.77,,
GHED_OOPSCHE_SHA2011,Out-of-pocket expenditure as percentage of current health expenditure (CHE) (%),https://www.who.int/data/gho/data/indicators/indicator-details/GHO/out-of-pocket-expenditure-as-percentage-of-current-health-expenditure-%28che%29-%28-%29,2002,2002,2002,EUR,Europe,CHE,Switzerland,,,,29.04967117,29.05,,
GHED_PVT-D_pc_US_SHA2011,Domestic private health expenditure (PVT-D) per capita in US$,https://www.who.int/data/gho/data/indicators/indicator-details/GHO/domestic-private-health-expenditure-%28pvt-d%29-per-capita-in-usd,2011,2011,2011,EUR,Europe,CHE,Switzerland,,,,6091.988579,6091.99,,
GHED_PVT-D_pc_US_SHA2011,Domestic private health expenditure (PVT-D) per capita in US$,https://www.who.int/data/gho/data/indicators/indicator-details/GHO/domestic-private-health-expenditure-%28pvt-d%29-per-capita-in-usd,2012,2012,2012,EUR,Europe,CHE,Switzerland,,,,5845.78662,5845.79,,
GHED_OOP_pc_US_SHA2011,Out-of-pocket expenditure (OOP) per capita in US$,https://www.who.int/data/gho/data/indicators/indicator-details/GHO/out-of-pocket-expenditure-%28oop%29-per-capita-in-us,2011,2011,2011,EUR,Europe,CHE,Switzerland,,,,2160.582015,2160.58,,
GHED_CHEGDP_SHA2011,Current health expenditure (CHE) as percentage of gross domestic product (GDP) (%),https://www.who.int/data/gho/data/indicators/indicator-details/GHO/current-health-expenditure-%28che%29-as-percentage-of-gross-domestic-product-%28gdp%29-%28-%29,2019,2019,2019,EUR,Europe,CHE,Switzerland,,,,11.42588997,11.43,,
GHED_CHE_pc_US_SHA2011,Current health expenditure (CHE) per capita in US$,https://www.who.int/data/gho/data/indicators/indicator-details/GHO/current-health-expenditure-%28che%29-per-capita-in-us-dollar,2010,2010,2010,EUR,Europe,CHE,Switzerland,,,,7695.687988,7695.69,,
GHED_CHE_pc_US_SHA2011,Current health expenditure (CHE) per capita in US$,https://www.who.int/data/gho/data/indicators/indicator-details/GHO/current-health-expenditure-%28che%29-per-capita-in-us-dollar,2007,2007,2007,EUR,Europe,CHE,Switzerland,,,,6154.703125,6154.7,,
GHED_EXT_pc_US_SHA2011,External health expenditure (EXT) per capita in US$,https://www.who.int/data/gho/data/indicators/indicator-details/GHO/external-health-expenditure-%28ext%29-per-capita-in-us,2009,2009,2009,EUR,Europe,CHE,Switzerland,,,,0.0,0,,
GHED_GGHE-DGGE_SHA2011,Domestic general government health expenditure (GGHE-D) as percentage of general government expenditure (GGE) (%),https://www.who.int/data/gho/data/indicators/indicator-details/GHO/domestic-general-government-health-expenditure-%28gghe-d%29-as-percentage-of-general-government-expenditure-%28gge%29,2015,2015,2015,EUR,Europe,CHE,Switzerland,,,,11.00124073,11,,
GHED_OOPSCHE_SHA2011,Out-of-pocket expenditure as percentage of current health expenditure (CHE) (%),https://www.who.int/data/gho/data/indicators/indicator-details/GHO/out-of-pocket-expenditure-as-percentage-of-current-health-expenditure-%28che%29-%28-%29,2009,2009,2009,EUR,Europe,CHE,Switzerland,,,,26.20129585,26.2,,
GHED_PVT-DCHE_SHA2011,Domestic private health expenditure (PVT-D) as percentage of current health expenditure (CHE) (%),https://www.who.int/data/gho/data/indicators/indicator-details/GHO/domestic-private-health-expenditure-%28pvt-d%29-as-percentage-of-current-health-expenditure-%28che%29-%28-%29,2016,2016,2016,EUR,Europe,CHE,Switzerland,,,,66.24575806,66.25,,
GHED_CHEGDP_SHA2011,Current health expenditure (CHE) as percentage of gross domestic product (GDP) (%),https://www.who.int/data/gho/data/indicators/indicator-details/GHO/current-health-expenditure-%28che%29-as-percentage-of-gross-domestic-product-%28gdp%29-%28-%29,2017,2017,2017,EUR,Europe,CHE,Switzerland,,,,11.41294861,11.41,,
GHED_OOPSCHE_SHA2011,Out-of-pocket expenditure as percentage of current health expenditure (CHE) (%),https://www.who.int/data/gho/data/indicators/indicator-details/GHO/out-of-pocket-expenditure-as-percentage-of-current-health-expenditure-%28che%29-%28-%29,2005,2005,2005,EUR,Europe,CHE,Switzerland,,,,27.14404869,27.14,,
GHED_EXTCHE_SHA2011,External health expenditure (EXT) as percentage of current health expenditure (CHE) (%),https://www.who.int/data/gho/data/indicators/indicator-details/GHO/external-health-expenditure-%28ext%29-as-percentage-of-current-health-expenditure-%28che%29-%28-%29,2015,2015,2015,EUR,Europe,CHE,Switzerland,,,,0.0,0,,
GHED_EXTCHE_SHA2011,External health expenditure (EXT) as percentage of current health expenditure (CHE) (%),https://www.who.int/data/gho/data/indicators/indicator-details/GHO/external-health-expenditure-%28ext%29-as-percentage-of-current-health-expenditure-%28che%29-%28-%29,2012,2012,2012,EUR,Europe,CHE,Switzerland,,,,0.0,0,,
GHED_GGHE-DGGE_SHA2011,Domestic general government health expenditure (GGHE-D) as percentage of general government expenditure (GGE) (%),https://www.who.int/data/gho/data/indicators/indicator-details/GHO/domestic-general-government-health-expenditure-%28gghe-d%29-as-percentage-of-general-government-expenditure-%28gge%29,2003,2003,2003,EUR,Europe,CHE,Switzerland,,,,9.30684757,9.31,,
GHED_CHEGDP_SHA2011,Current health expenditure (CHE) as percentage of gross domestic product (GDP) (%),https://www.who.int/data/gho/data/indicators/indicator-details/GHO/current-health-expenditure-%28che%29-as-percentage-of-gross-domestic-product-%28gdp%29-%28-%29,2001,2001,2001,EUR,Europe,CHE,Switzerland,,,,9.46040058,9.46,,
GHED_EXTCHE_SHA2011,External health expenditure (EXT) as percentage of current health expenditure (CHE) (%),https://www.who.int/data/gho/data/indicators/indicator-details/GHO/external-health-expenditure-%28ext%29-as-percentage-of-current-health-expenditure-%28che%29-%28-%29,2002,2002,2002,EUR,Europe,CHE,Switzerland,,,,0.0,0,,
GHED_GGHE-DCHE_SHA2011,Domestic general government health expenditure (GGHE-D) as percentage of current health expenditure (CHE) (%),https://www.who.int/data/gho/data/indicators/indicator-details/GHO/domestic-general-government-health-expenditure-%28gche-d%29-as-percentage-of-current-health-expenditure,2006,2006,2006,EUR,Europe,CHE,Switzerland,,,,30.60895157,30.61,,
GHED_GGHE-DGGE_SHA2011,Domestic general government health expenditure (GGHE-D) as percentage of general government expenditure (GGE) (%),https://www.who.int/data/gho/data/indicators/indicator-details/GHO/domestic-general-government-health-expenditure-%28gghe-d%29-as-percentage-of-general-government-expenditure-%28gge%29,2002,2002,2002,EUR,Europe,CHE,Switzerland,,,,8.83963394,8.84,,
GHED_PVT-DCHE_SHA2011,Domestic private health expenditure (PVT-D) as percentage of current health expenditure (CHE) (%),https://www.who.int/data/gho/data/indicators/indicator-details/GHO/domestic-private-health-expenditure-%28pvt-d%29-as-percentage-of-current-health-expenditure-%28che%29-%28-%29,2022,2022,2022,EUR,Europe,CHE,Switzerland,,,,65.04567719,65.05,,
GHED_GGHE-DGDP_SHA2011,Domestic general government health expenditure (GGHE-D) as percentage of gross domestic product (GDP) (%),https://www.who.int/data/gho/data/indicators/indicator-details/GHO/domestic-general-government-health-expenditure-%28gghe-d%29-as-percentage-of-gross-domestic-product-%28gdp%29-%28-%29,2013,2013,2013,EUR,Europe,CHE,Switzerland,,,,3.57281137,3.57,,
GHED_GGHE-DGDP_SHA2011,Domestic general government health expenditure (GGHE-D) as percentage of gross domestic product (GDP) (%),https://www.who.int/data/gho/data/indicators/indicator-details/GHO/domestic-general-government-health-expenditure-%28gghe-d%29-as-percentage-of-gross-domestic-product-%28gdp%29-%28-%29,2000,2000,2000,EUR,Europe,CHE,Switzerland,,,,2.60934997,2.61,,
GHED_OOPSCHE_SHA2011,Out-of-pocket expenditure as percentage of current health expenditure (CHE) (%),https://www.who.int/data/gho/data/indicators/indicator-details/GHO/out-of-pocket-expenditure-as-percentage-of-current-health-expenditure-%28che%29-%28-%29,2008,2008,2008,EUR,Europe,CHE,Switzerland,,,,26.49785995,26.5,,
GHED_GGHE-D_pc_US_SHA2011,Domestic general government health expenditure (GGHE-D) per capita in US$,https://www.who.int/data/gho/data/indicators/indicator-details/GHO/domestic-general-government-health-expenditure-%28gghe-d%29-per-capita-in-us,2005,2005,2005,EUR,Europe,CHE,Switzerland,,,,1761.645482,1761.65,,
GHED_PVT-D_pc_US_SHA2011,Domestic private health expenditure (PVT-D) per capita in US$,https://www.who.int/data/gho/data/indicators/indicator-details/GHO/domestic-private-health-expenditure-%28pvt-d%29-per-capita-in-usd,2008,2008,2008,EUR,Europe,CHE,Switzerland,,,,4870.114872,4870.11,,
GHED_EXT_pc_US_SHA2011,External health expenditure (EXT) per capita in US$,https://www.who.int/data/gho/data/indicators/indicator-details/GHO/external-health-expenditure-%28ext%29-per-capita-in-us,2019,2019,2019,EUR,Europe,CHE,Switzerland,,,,0.0,0,,
GHED_PVT-DCHE_SHA2011,Domestic private health expenditure (PVT-D) as percentage of current health expenditure (CHE) (%),https://www.who.int/data/gho/data/indicators/indicator-details/GHO/domestic-private-health-expenditure-%28pvt-d%29-as-percentage-of-current-health-expenditure-%28che%29-%28-%29,2008,2008,2008,EUR,Europe,CHE,Switzerland,,,,68.39421844,68.39,,
GHED_PVT-D_pc_US_SHA2011,Domestic private health expenditure (PVT-D) per capita in US$,https://www.who.int/data/gho/data/indicators/indicator-details/GHO/domestic-private-health-expenditure-%28pvt-d%29-per-capita-in-usd,2001,2001,2001,EUR,Europe,CHE,Switzerland,,,,2635.660774,2635.66,,
GHED_GGHE-DGDP_SHA2011,Domestic general government health expenditure (GGHE-D) as percentage of gross domestic product (GDP) (%),https://www.who.int/data/gho/data/indicators/indicator-details/GHO/domestic-general-government-health-expenditure-%28gghe-d%29-as-percentage-of-gross-domestic-product-%28gdp%29-%28-%29,2011,2011,2011,EUR,Europe,CHE,Switzerland,,,,3.42216301,3.42,,
GHED_EXT_pc_US_SHA2011,External health expenditure (EXT) per capita in US$,https://www.who.int/data/gho/data/indicators/indicator-details/GHO/external-health-expenditure-%28ext%29-per-capita-in-us,2018,2018,2018,EUR,Europe,CHE,Switzerland,,,,0.0,0,,
GHED_EXT_pc_US_SHA2011,External health expenditure (EXT) per capita in US$,https://www.who.int/data/gho/data/indicators/indicator-details/GHO/external-health-expenditure-%28ext%29-per-capita-in-us,2014,2014,2014,EUR,Europe,CHE,Switzerland,,,,0.0,0,,
GHED_OOP_pc_US_SHA2011,Out-of-pocket expenditure (OOP) per capita in US$,https://www.who.int/data/gho/data/indicators/indicator-details/GHO/out-of-pocket-expenditure-%28oop%29-per-capita-in-us,2000,2000,2000,EUR,Europe,CHE,Switzerland,,,,1104.989932,1104.99,,
GHED_GGHE-DCHE_SHA2011,Domestic general government health expenditure (GGHE-D) as percentage of current health expenditure (CHE) (%),https://www.who.int/data/gho/data/indicators/indicator-details/GHO/domestic-general-government-health-expenditure-%28gche-d%29-as-percentage-of-current-health-expenditure,2003,2003,2003,EUR,Europe,CHE,Switzerland,,,,31.40574074,31.41,,
GHED_EXTCHE_SHA2011,External health expenditure (EXT) as percentage of current health expenditure (CHE) (%),https://www.who.int/data/gho/data/indicators/indicator-details/GHO/external-health-expenditure-%28ext%29-as-percentage-of-current-health-expenditure-%28che%29-%28-%29,2004,2004,2004,EUR,Europe,CHE,Switzerland,,,,0.0,0,,
GHED_CHE_pc_US_SHA2011,Current health expenditure (CHE) per capita in US$,https://www.who.int/data/gho/data/indicators/indicator-details/GHO/current-health-expenditure-%28che%29-per-capita-in-us-dollar,2011,2011,2011,EUR,Europe,CHE,Switzerland,,,,9204.87793,9204.88,,
GHED_GGHE-DGDP_SHA2011,Domestic general government health expenditure (GGHE-D) as percentage of gross domestic product (GDP) (%),https://www.who.int/data/gho/data/indicators/indicator-details/GHO/domestic-general-government-health-expenditure-%28gghe-d%29-as-percentage-of-gross-domestic-product-%28gdp%29-%28-%29,2008,2008,2008,EUR,Europe,CHE,Switzerland,,,,3.01256084,3.01,,
GHED_GGHE-DCHE_SHA2011,Domestic general government health expenditure (GGHE-D) as percentage of current health expenditure (CHE) (%),https://www.who.int/data/gho/data/indicators/indicator-details/GHO/domestic-general-government-health-expenditure-%28gche-d%29-as-percentage-of-current-health-expenditure,2020,2020,2020,EUR,Europe,CHE,Switzerland,,,,35.90325165,35.9,,
GHED_GGHE-DGGE_SHA2011,Domestic general government health expenditure (GGHE-D) as percentage of general government expenditure (GGE) (%),https://www.who.int/data/gho/data/indicators/indicator-details/GHO/domestic-general-government-health-expenditure-%28gghe-d%29-as-percentage-of-general-government-expenditure-%28gge%29,2008,2008,2008,EUR,Europe,CHE,Switzerland,,,,9.77972221,9.78,,
GHED_GGHE-DGGE_SHA2011,Domestic general government health expenditure (GGHE-D) as percentage of general government expenditure (GGE) (%),https://www.who.int/data/gho/data/indicators/indicator-details/GHO/domestic-general-government-health-expenditure-%28gghe-d%29-as-percentage-of-general-government-expenditure-%28gge%29,2017,2017,2017,EUR,Europe,CHE,Switzerland,,,,11.40777302,11.41,,
GHED_GGHE-DGGE_SHA2011,Domestic general government health expenditure (GGHE-D) as percentage of general government expenditure (GGE) (%),https://www.who.int/data/gho/data/indicators/indicator-details/GHO/domestic-general-government-health-expenditure-%28gghe-d%29-as-percentage-of-general-government-expenditure-%28gge%29,2007,2007,2007,EUR,Europe,CHE,Switzerland,,,,9.55602741,9.56,,
GHED_GGHE-DCHE_SHA2011,Domestic general government health expenditure (GGHE-D) as percentage of current health expenditure (CHE) (%),https://www.who.int/data/gho/data/indicators/indicator-details/GHO/domestic-general-government-health-expenditure-%28gche-d%29-as-percentage-of-current-health-expenditure,2022,2022,2022,EUR,Europe,CHE,Switzerland,,,,34.95432663,34.95,,
GHED_CHE_pc_US_SHA2011,Current health expenditure (CHE) per capita in US$,https://www.who.int/data/gho/data/indicators/indicator-details/GHO/current-health-expenditure-%28che%29-per-capita-in-us-dollar,2004,2004,2004,EUR,Europe,CHE,Switzerland,,,,5608.703125,5608.7,,
GHED_OOP_pc_US_SHA2011,Out-of-pocket expenditure (OOP) per capita in US$,https://www.who.int/data/gho/data/indicators/indicator-details/GHO/out-of-pocket-expenditure-%28oop%29-per-capita-in-us,2009,2009,2009,EUR,Europe,CHE,Switzerland,,,,1912.007972,1912.01,,
GHED_EXT_pc_US_SHA2011,External health expenditure (EXT) per capita in US$,https://www.who.int/data/gho/data/indicators/indicator-details/GHO/external-health-expenditure-%28ext%29-per-capita-in-us,2017,2017,2017,EUR,Europe,CHE,Switzerland,,,,0.0,0,,
GHED_CHEGDP_SHA2011,Current health expenditure (CHE) as percentage of gross domestic product (GDP) (%),https://www.who.int/data/gho/data/indicators/indicator-details/GHO/current-health-expenditure-%28che%29-as-percentage-of-gross-domestic-product-%28gdp%29-%28-%29,2008,2008,2008,EUR,Europe,CHE,Switzerland,,,,9.53167725,9.53,,
GHED_OOPSCHE_SHA2011,Out-of-pocket expenditure as percentage of current health expenditure (CHE) (%),https://www.who.int/data/gho/data/indicators/indicator-details/GHO/out-of-pocket-expenditure-as-percentage-of-current-health-expenditure-%28che%29-%28-%29,2011,2011,2011,EUR,Europe,CHE,Switzerland,,,,23.47214127,23.47,,
GHED_CHEGDP_SHA2011,Current health expenditure (CHE) as percentage of gross domestic product (GDP) (%),https://www.who.int/data/gho/data/indicators/indicator-details/GHO/current-health-expenditure-%28che%29-as-percentage-of-gross-domestic-product-%28gdp%29-%28-%29,2003,2003,2003,EUR,Europe,CHE,Switzerland,,,,10.13696766,10.14,,
GHED_GGHE-DGGE_SHA2011,Domestic general government health expenditure (GGHE-D) as percentage of general government expenditure (GGE) (%),https://www.who.int/data/gho/data/indicators/indicator-details/GHO/domestic-general-government-health-expenditure-%28gghe-d%29-as-percentage-of-general-government-expenditure-%28gge%29,2006,2006,2006,EUR,Europe,CHE,Switzerland,,,,9.34170818,9.34,,
GHED_CHEGDP_SHA2011,Current health expenditure (CHE) as percentage of gross domestic product (GDP) (%),https://www.who.int/data/gho/data/indicators/indicator-details/GHO/current-health-expenditure-%28che%29-as-percentage-of-gross-domestic-product-%28gdp%29-%28-%29,2013,2013,2013,EUR,Europe,CHE,Switzerland,,,,10.61460495,10.61,,
GHED_OOPSCHE_SHA2011,Out-of-pocket expenditure as percentage of current health expenditure (CHE) (%),https://www.who.int/data/gho/data/indicators/indicator-details/GHO/out-of-pocket-expenditure-as-percentage-of-current-health-expenditure-%28che%29-%28-%29,2019,2019,2019,EUR,Europe,CHE,Switzerland,,,,21.8964119,21.9,,
GHED_GGHE-DGDP_SHA2011,Domestic general government health expenditure (GGHE-D) as percentage of gross domestic product (GDP) (%),https://www.who.int/data/gho/data/indicators/indicator-details/GHO/domestic-general-government-health-expenditure-%28gghe-d%29-as-percentage-of-gross-domestic-product-%28gdp%29-%28-%29,2018,2018,2018,EUR,Europe,CHE,Switzerland,,,,3.75385094,3.75,,
GHED_GGHE-DCHE_SHA2011,Domestic general government health expenditure (GGHE-D) as percentage of current health expenditure (CHE) (%),https://www.who.int/data/gho/data/indicators/indicator-details/GHO/domestic-general-government-health-expenditure-%28gche-d%29-as-percentage-of-current-health-expenditure,2001,2001,2001,EUR,Europe,CHE,Switzerland,,,,29.96567726,29.97,,
GHED_PVT-DCHE_SHA2011,Domestic private health expenditure (PVT-D) as percentage of current health expenditure (CHE) (%),https://www.who.int/data/gho/data/indicators/indicator-details/GHO/domestic-private-health-expenditure-%28pvt-d%29-as-percentage-of-current-health-expenditure-%28che%29-%28-%29,2017,2017,2017,EUR,Europe,CHE,Switzerland,,,,66.30884552,66.31,,
GHED_GGHE-DGGE_SHA2011,Domestic general government health expenditure (GGHE-D) as percentage of general government expenditure (GGE) (%),https://www.who.int/data/gho/data/indicators/indicator-details/GHO/domestic-general-government-health-expenditure-%28gghe-d%29-as-percentage-of-general-government-expenditure-%28gge%29,2016,2016,2016,EUR,Europe,CHE,Switzerland,,,,11.25683117,11.26,,
GHED_GGHE-D_pc_US_SHA2011,Domestic general government health expenditure (GGHE-D) per capita in US$,https://www.who.int/data/gho/data/indicators/indicator-details/GHO/domestic-general-government-health-expenditure-%28gghe-d%29-per-capita-in-us,2011,2011,2011,EUR,Europe,CHE,Switzerland,,,,3112.889891,3112.89,,
GHED_EXTCHE_SHA2011,External health expenditure (EXT) as percentage of current health expenditure (CHE) (%),https://www.who.int/data/gho/data/indicators/indicator-details/GHO/external-health-expenditure-%28ext%29-as-percentage-of-current-health-expenditure-%28che%29-%28-%29,2016,2016,2016,EUR,Europe,CHE,Switzerland,,,,0.0,0,,
GHED_CHE_pc_US_SHA2011,Current health expenditure (CHE) per capita in US$,https://www.who.int/data/gho/data/indicators/indicator-details/GHO/current-health-expenditure-%28che%29-per-capita-in-us-dollar,2013,2013,2013,EUR,Europe,CHE,Switzerland,,,,9324.972656,9324.97,,
GHED_GGHE-DGDP_SHA2011,Domestic general government health expenditure (GGHE-D) as percentage of gross domestic product (GDP) (%),https://www.who.int/data/gho/data/indicators/indicator-details/GHO/domestic-general-government-health-expenditure-%28gghe-d%29-as-percentage-of-gross-domestic-product-%28gdp%29-%28-%29,2010,2010,2010,EUR,Europe,CHE,Switzerland,,,,3.34258842,3.34,,
GHED_OOP_pc_US_SHA2011,Out-of-pocket expenditure (OOP) per capita in US$,https://www.who.int/data/gho/data/indicators/indicator-details/GHO/out-of-pocket-expenditure-%28oop%29-per-capita-in-us,2022,2022,2022,EUR,Europe,CHE,Switzerland,,,,2366.208234,2366.21,,
GHED_GGHE-DCHE_SHA2011,Domestic general government health expenditure (GGHE-D) as percentage of current health expenditure (CHE) (%),https://www.who.int/data/gho/data/indicators/indicator-details/GHO/domestic-general-government-health-expenditure-%28gche-d%29-as-percentage-of-current-health-expenditure,2018,2018,2018,EUR,Europe,CHE,Switzerland,,,,33.51978683,33.52,,
GHED_CHEGDP_SHA2011,Current health expenditure (CHE) as percentage of gross domestic product (GDP) (%),https://www.who.int/data/gho/data/indicators/indicator-details/GHO/current-health-expenditure-%28che%29-as-percentage-of-gross-domestic-product-%28gdp%29-%28-%29,2005,2005,2005,EUR,Europe,CHE,Switzerland,,,,10.05823421,10.06,,
GHED_GGHE-DGDP_SHA2011,Domestic general government health expenditure (GGHE-D) as percentage of gross domestic product (GDP) (%),https://www.who.int/data/gho/data/indicators/indicator-details/GHO/domestic-general-government-health-expenditure-%28gghe-d%29-as-percentage-of-gross-domestic-product-%28gdp%29-%28-%29,2003,2003,2003,EUR,Europe,CHE,Switzerland,,,,3.18358994,3.18,,
GHED_EXTCHE_SHA2011,External health expenditure (EXT) as percentage of current health expenditure (CHE) (%),https://www.who.int/data/gho/data/indicators/indicator-details/GHO/external-health-expenditure-%28ext%29-as-percentage-of-current-health-expenditure-%28che%29-%28-%29,2009,2009,2009,EUR,Europe,CHE,Switzerland,,,,0.0,0,,
GHED_GGHE-DGGE_SHA2011,Domestic general government health expenditure (GGHE-D) as percentage of general government expenditure (GGE) (%),https://www.who.int/data/gho/data/indicators/indicator-details/GHO/domestic-general-government-health-expenditure-%28gghe-d%29-as-percentage-of-general-government-expenditure-%28gge%29,2010,2010,2010,EUR,Europe,CHE,Switzerland,,,,10.32833004,10.33,,
GHED_GGHE-DGGE_SHA2011,Domestic general government health expenditure (GGHE-D) as percentage of general government expenditure (GGE) (%),https://www.who.int/data/gho/data/indicators/indicator-details/GHO/domestic-general-government-health-expenditure-%28gghe-d%29-as-percentage-of-general-government-expenditure-%28gge%29,2014,2014,2014,EUR,Europe,CHE,Switzerland,,,,10.87016106,10.87,,
GHED_EXT_pc_US_SHA2011,External health expenditure (EXT) per capita in US$,https://www.who.int/data/gho/data/indicators/indicator-details/GHO/external-health-expenditure-%28ext%29-per-capita-in-us,2002,2002,2002,EUR,Europe,CHE,Switzerland,,,,0.0,0,,
GHED_EXT_pc_US_SHA2011,External health expenditure (EXT) per capita in US$,https://www.who.int/data/gho/data/indicators/indicator-details/GHO/external-health-expenditure-%28ext%29-per-capita-in-us,2013,2013,2013,EUR,Europe,CHE,Switzerland,,,,0.0,0,,
GHED_GGHE-DGDP_SHA2011,Domestic general government health expenditure (GGHE-D) as percentage of gross domestic product (GDP) (%),https://www.who.int/data/gho/data/indicators/indicator-details/GHO/domestic-general-government-health-expenditure-%28gghe-d%29-as-percentage-of-gross-domestic-product-%28gdp%29-%28-%29,2021,2021,2021,EUR,Europe,CHE,Switzerland,,,,4.30264139,4.3,,
GHED_EXTCHE_SHA2011,External health expenditure (EXT) as percentage of current health expenditure (CHE) (%),https://www.who.int/data/gho/data/indicators/indicator-details/GHO/external-health-expenditure-%28ext%29-as-percentage-of-current-health-expenditure-%28che%29-%28-%29,2006,2006,2006,EUR,Europe,CHE,Switzerland,,,,0.0,0,,
GHED_OOP_pc_US_SHA2011,Out-of-pocket expenditure (OOP) per capita in US$,https://www.who.int/data/gho/data/indicators/indicator-details/GHO/out-of-pocket-expenditure-%28oop%29-per-capita-in-us,2008,2008,2008,EUR,Europe,CHE,Switzerland,,,,1886.820574,1886.82,,
GHED_EXT_pc_US_SHA2011,External health expenditure (EXT) per capita in US$,https://www.who.int/data/gho/data/indicators/indicator-details/GHO/external-health-expenditure-%28ext%29-per-capita-in-us,2022,2022,2022,EUR,Europe,CHE,Switzerland,,,,0.0,0,,
GHED_CHEGDP_SHA2011,Current health expenditure (CHE) as percentage of gross domestic product (GDP) (%),https://www.who.int/data/gho/data/indicators/indicator-details/GHO/current-health-expenditure-%28che%29-as-percentage-of-gross-domestic-product-%28gdp%29-%28-%29,2021,2021,2021,EUR,Europe,CHE,Switzerland,,,,12.00465584,12,,
GHED_GGHE-DGDP_SHA2011,Domestic general government health expenditure (GGHE-D) as percentage of gross domestic product (GDP) (%),https://www.who.int/data/gho/data/indicators/indicator-details/GHO/domestic-general-government-health-expenditure-%28gghe-d%29-as-percentage-of-gross-domestic-product-%28gdp%29-%28-%29,2004,2004,2004,EUR,Europe,CHE,Switzerland,,,,3.15826011,3.16,,
GHED_CHEGDP_SHA2011,Current health expenditure (CHE) as percentage of gross domestic product (GDP) (%),https://www.who.int/data/gho/data/indicators/indicator-details/GHO/current-health-expenditure-%28che%29-as-percentage-of-gross-domestic-product-%28gdp%29-%28-%29,2014,2014,2014,EUR,Europe,CHE,Switzerland,,,,10.69967365,10.7,,
GHED_OOP_pc_US_SHA2011,Out-of-pocket expenditure (OOP) per capita in US$,https://www.who.int/data/gho/data/indicators/indicator-details/GHO/out-of-pocket-expenditure-%28oop%29-per-capita-in-us,2007,2007,2007,EUR,Europe,CHE,Switzerland,,,,1682.28535,1682.29,,
GHED_PVT-DCHE_SHA2011,Domestic private health expenditure (PVT-D) as percentage of current health expenditure (CHE) (%),https://www.who.int/data/gho/data/indicators/indicator-details/GHO/domestic-private-health-expenditure-%28pvt-d%29-as-percentage-of-current-health-expenditure-%28che%29-%28-%29,2014,2014,2014,EUR,Europe,CHE,Switzerland,,,,66.20388031,66.2,,
GHED_OOP_pc_US_SHA2011,Out-of-pocket expenditure (OOP) per capita in US$,https://www.who.int/data/gho/data/indicators/indicator-details/GHO/out-of-pocket-expenditure-%28oop%29-per-capita-in-us,2016,2016,2016,EUR,Europe,CHE,Switzerland,,,,1975.308818,1975.31,,
GHED_GGHE-DGGE_SHA2011,Domestic general government health expenditure (GGHE-D) as percentage of general government expenditure (GGE) (%),https://www.who.int/data/gho/data/indicators/indicator-details/GHO/domestic-general-government-health-expenditure-%28gghe-d%29-as-percentage-of-general-government-expenditure-%28gge%29,2021,2021,2021,EUR,Europe,CHE,Switzerland,,,,11.98693657,11.99,,
GHED_EXTCHE_SHA2011,External health expenditure (EXT) as percentage of current health expenditure (CHE) (%),https://www.who.int/data/gho/data/indicators/indicator-details/GHO/external-health-expenditure-%28ext%29-as-percentage-of-current-health-expenditure-%28che%29-%28-%29,2001,2001,2001,EUR,Europe,CHE,Switzerland,,,,0.0,0,,
GHED_GGHE-DCHE_SHA2011,Domestic general government health expenditure (GGHE-D) as percentage of current health expenditure (CHE) (%),https://www.who.int/data/gho/data/indicators/indicator-details/GHO/domestic-general-government-health-expenditure-%28gche-d%29-as-percentage-of-current-health-expenditure,2011,2011,2011,EUR,Europe,CHE,Switzerland,,,,33.81782913,33.82,,
GHED_PVT-DCHE_SHA2011,Domestic private health expenditure (PVT-D) as percentage of current health expenditure (CHE) (%),https://www.who.int/data/gho/data/indicators/indicator-details/GHO/domestic-private-health-expenditure-%28pvt-d%29-as-percentage-of-current-health-expenditure-%28che%29-%28-%29,2010,2010,2010,EUR,Europe,CHE,Switzerland,,,,66.59200287,66.59,,
GHED_GGHE-DGDP_SHA2011,Domestic general government health expenditure (GGHE-D) as percentage of gross domestic product (GDP) (%),https://www.who.int/data/gho/data/indicators/indicator-details/GHO/domestic-general-government-health-expenditure-%28gghe-d%29-as-percentage-of-gross-domestic-product-%28gdp%29-%28-%29,2009,2009,2009,EUR,Europe,CHE,Switzerland,,,,3.26037979,3.26,,
GHED_GGHE-D_pc_US_SHA2011,Domestic general government health expenditure (GGHE-D) per capita in US$,https://www.who.int/data/gho/data/indicators/indicator-details/GHO/domestic-general-government-health-expenditure-%28gghe-d%29-per-capita-in-us,2000,2000,2000,EUR,Europe,CHE,Switzerland,,,,1016.902063,1016.9,,
GHED_OOP_pc_US_SHA2011,Out-of-pocket expenditure (OOP) per capita in US$,https://www.who.int/data/gho/data/indicators/indicator-details/GHO/out-of-pocket-expenditure-%28oop%29-per-capita-in-us,2003,2003,2003,EUR,Europe,CHE,Switzerland,,,,1436.429416,1436.43,,
GHED_PVT-D_pc_US_SHA2011,Domestic private health expenditure (PVT-D) per capita in US$,https://www.who.int/data/gho/data/indicators/indicator-details/GHO/domestic-private-health-expenditure-%28pvt-d%29-per-capita-in-usd,2010,2010,2010,EUR,Europe,CHE,Switzerland,,,,5124.712411,5124.71,,
GHED_GGHE-DCHE_SHA2011,Domestic general government health expenditure (GGHE-D) as percentage of current health expenditure (CHE) (%),https://www.who.int/data/gho/data/indicators/indicator-details/GHO/domestic-general-government-health-expenditure-%28gche-d%29-as-percentage-of-current-health-expenditure,2016,2016,2016,EUR,Europe,CHE,Switzerland,,,,33.75424576,33.75,,
GHED_GGHE-D_pc_US_SHA2011,Domestic general government health expenditure (GGHE-D) per capita in US$,https://www.who.int/data/gho/data/indicators/indicator-details/GHO/domestic-general-government-health-expenditure-%28gghe-d%29-per-capita-in-us,2006,2006,2006,EUR,Europe,CHE,Switzerland,,,,1736.134045,1736.13,,
GHED_GGHE-DGDP_SHA2011,Domestic general government health expenditure (GGHE-D) as percentage of gross domestic product (GDP) (%),https://www.who.int/data/gho/data/indicators/indicator-details/GHO/domestic-general-government-health-expenditure-%28gghe-d%29-as-percentage-of-gross-domestic-product-%28gdp%29-%28-%29,2006,2006,2006,EUR,Europe,CHE,Switzerland,,,,2.9323988,2.93,,
GHED_OOPSCHE_SHA2011,Out-of-pocket expenditure as percentage of current health expenditure (CHE) (%),https://www.who.int/data/gho/data/indicators/indicator-details/GHO/out-of-pocket-expenditure-as-percentage-of-current-health-expenditure-%28che%29-%28-%29,2004,2004,2004,EUR,Europe,CHE,Switzerland,,,,28.75733566,28.76,,
GHED_CHE_pc_US_SHA2011,Current health expenditure (CHE) per capita in US$,https://www.who.int/data/gho/data/indicators/indicator-details/GHO/current-health-expenditure-%28che%29-per-capita-in-us-dollar,2003,2003,2003,EUR,Europe,CHE,Switzerland,,,,5018.527344,5018.53,,
GHED_EXTCHE_SHA2011,External health expenditure (EXT) as percentage of current health expenditure (CHE) (%),https://www.who.int/data/gho/data/indicators/indicator-details/GHO/external-health-expenditure-%28ext%29-as-percentage-of-current-health-expenditure-%28che%29-%28-%29,2005,2005,2005,EUR,Europe,CHE,Switzerland,,,,0.0,0,,
GHED_GGHE-D_pc_US_SHA2011,Domestic general government health expenditure (GGHE-D) per capita in US$,https://www.who.int/data/gho/data/indicators/indicator-details/GHO/domestic-general-government-health-expenditure-%28gghe-d%29-per-capita-in-us,2002,2002,2002,EUR,Europe,CHE,Switzerland,,,,1320.925301,1320.93,,
GHED_PVT-D_pc_US_SHA2011,Domestic private health expenditure (PVT-D) per capita in US$,https://www.who.int/data/gho/data/indicators/indicator-details/GHO/domestic-private-health-expenditure-%28pvt-d%29-per-capita-in-usd,2015,2015,2015,EUR,Europe,CHE,Switzerland,,,,6156.581725,6156.58,,
GHED_GGHE-DCHE_SHA2011,Domestic general government health expenditure (GGHE-D) as percentage of current health expenditure (CHE) (%),https://www.who.int/data/gho/data/indicators/indicator-details/GHO/domestic-general-government-health-expenditure-%28gche-d%29-as-percentage-of-current-health-expenditure,2010,2010,2010,EUR,Europe,CHE,Switzerland,,,,33.40800095,33.41,,
GHED_CHE_pc_US_SHA2011,Current health expenditure (CHE) per capita in US$,https://www.who.int/data/gho/data/indicators/indicator-details/GHO/current-health-expenditure-%28che%29-per-capita-in-us-dollar,2001,2001,2001,EUR,Europe,CHE,Switzerland,,,,3763.384521,3763.38,,
GHED_CHE_pc_US_SHA2011,Current health expenditure (CHE) per capita in US$,https://www.who.int/data/gho/data/indicators/indicator-details/GHO/current-health-expenditure-%28che%29-per-capita-in-us-dollar,2022,2022,2022,EUR,Europe,CHE,Switzerland,,,,10963.43066,10963.43,,
GHED_GGHE-DCHE_SHA2011,Domestic general government health expenditure (GGHE-D) as percentage of current health expenditure (CHE) (%),https://www.who.int/data/gho/data/indicators/indicator-details/GHO/domestic-general-government-health-expenditure-%28gche-d%29-as-percentage-of-current-health-expenditure,2004,2004,2004,EUR,Europe,CHE,Switzerland,,,,30.88531685,30.89,,
GHED_PVT-D_pc_US_SHA2011,Domestic private health expenditure (PVT-D) per capita in US$,https://www.who.int/data/gho/data/indicators/indicator-details/GHO/domestic-private-health-expenditure-%28pvt-d%29-per-capita-in-usd,2016,2016,2016,EUR,Europe,CHE,Switzerland,,,,6145.289366,6145.29,,
GHED_OOP_pc_US_SHA2011,Out-of-pocket expenditure (OOP) per capita in US$,https://www.who.int/data/gho/data/indicators/indicator-details/GHO/out-of-pocket-expenditure-%28oop%29-per-capita-in-us,2012,2012,2012,EUR,Europe,CHE,Switzerland,,,,2079.413523,2079.41,,
GHED_OOP_pc_US_SHA2011,Out-of-pocket expenditure (OOP) per capita in US$,https://www.who.int/data/gho/data/indicators/indicator-details/GHO/out-of-pocket-expenditure-%28oop%29-per-capita-in-us,2019,2019,2019,EUR,Europe,CHE,Switzerland,,,,2112.327918,2112.33,,
GHED_GGHE-D_pc_US_SHA2011,Domestic general government health expenditure (GGHE-D) per capita in US$,https://www.who.int/data/gho/data/indicators/indicator-details/GHO/domestic-general-government-health-expenditure-%28gghe-d%29-per-capita-in-us,2015,2015,2015,EUR,Europe,CHE,Switzerland,,,,3115.933407,3115.93,,
GHED_GGHE-DGDP_SHA2011,Domestic general government health expenditure (GGHE-D) as percentage of gross domestic product (GDP) (%),https://www.who.int/data/gho/data/indicators/indicator-details/GHO/domestic-general-government-health-expenditure-%28gghe-d%29-as-percentage-of-gross-domestic-product-%28gdp%29-%28-%29,2015,2015,2015,EUR,Europe,CHE,Switzerland,,,,3.69793081,3.7,,
GHED_PVT-D_pc_US_SHA2011,Domestic private health expenditure (PVT-D) per capita in US$,https://www.who.int/data/gho/data/indicators/indicator-details/GHO/domestic-private-health-expenditure-%28pvt-d%29-per-capita-in-usd,2017,2017,2017,EUR,Europe,CHE,Switzerland,,,,6248.713549,6248.71,,
GHED_OOP_pc_US_SHA2011,Out-of-pocket expenditure (OOP) per capita in US$,https://www.who.int/data/gho/data/indicators/indicator-details/GHO/out-of-pocket-expenditure-%28oop%29-per-capita-in-us,2017,2017,2017,EUR,Europe,CHE,Switzerland,,,,2039.424068,2039.42,,
GHED_GGHE-D_pc_US_SHA2011,Domestic general government health expenditure (GGHE-D) per capita in US$,https://www.who.int/data/gho/data/indicators/indicator-details/GHO/domestic-general-government-health-expenditure-%28gghe-d%29-per-capita-in-us,2021,2021,2021,EUR,Europe,CHE,Switzerland,,,,4036.545102,4036.55,,
GHED_EXT_pc_US_SHA2011,External health expenditure (EXT) per capita in US$,https://www.who.int/data/gho/data/indicators/indicator-details/GHO/external-health-expenditure-%28ext%29-per-capita-in-us,2021,2021,2021,EUR,Europe,CHE,Switzerland,,,,0.0,0,,
GHED_CHE_pc_US_SHA2011,Current health expenditure (CHE) per capita in US$,https://www.who.int/data/gho/data/indicators/indicator-details/GHO/current-health-expenditure-%28che%29-per-capita-in-us-dollar,2018,2018,2018,EUR,Europe,CHE,Switzerland,,,,9577.302734,9577.3,,
GHED_EXT_pc_US_SHA2011,External health expenditure (EXT) per capita in US$,https://www.who.int/data/gho/data/indicators/indicator-details/GHO/external-health-expenditure-%28ext%29-per-capita-in-us,2010,2010,2010,EUR,Europe,CHE,Switzerland,,,,0.0,0,,
GHED_GGHE-DCHE_SHA2011,Domestic general government health expenditure (GGHE-D) as percentage of current health expenditure (CHE) (%),https://www.who.int/data/gho/data/indicators/indicator-details/GHO/domestic-general-government-health-expenditure-%28gche-d%29-as-percentage-of-current-health-expenditure,2000,2000,2000,EUR,Europe,CHE,Switzerland,,,,28.56611252,28.57,,
GHED_OOPSCHE_SHA2011,Out-of-pocket expenditure as percentage of current health expenditure (CHE) (%),https://www.who.int/data/gho/data/indicators/indicator-details/GHO/out-of-pocket-expenditure-as-percentage-of-current-health-expenditure-%28che%29-%28-%29,2020,2020,2020,EUR,Europe,CHE,Switzerland,,,,20.65158081,20.65,,
GHED_OOP_pc_US_SHA2011,Out-of-pocket expenditure (OOP) per capita in US$,https://www.who.int/data/gho/data/indicators/indicator-details/GHO/out-of-pocket-expenditure-%28oop%29-per-capita-in-us,2004,2004,2004,EUR,Europe,CHE,Switzerland,,,,1612.913619,1612.91,,
GHED_EXTCHE_SHA2011,External health expenditure (EXT) as percentage of current health expenditure (CHE) (%),https://www.who.int/data/gho/data/indicators/indicator-details/GHO/external-health-expenditure-%28ext%29-as-percentage-of-current-health-expenditure-%28che%29-%28-%29,2011,2011,2011,EUR,Europe,CHE,Switzerland,,,,0.0,0,,
GHED_GGHE-D_pc_US_SHA2011,Domestic general government health expenditure (GGHE-D) per capita in US$,https://www.who.int/data/gho/data/indicators/indicator-details/GHO/domestic-general-government-health-expenditure-%28gghe-d%29-per-capita-in-us,2007,2007,2007,EUR,Europe,CHE,Switzerland,,,,1890.150554,1890.15,,
GHED_CHE_pc_US_SHA2011,Current health expenditure (CHE) per capita in US$,https://www.who.int/data/gho/data/indicators/indicator-details/GHO/current-health-expenditure-%28che%29-per-capita-in-us-dollar,2012,2012,2012,EUR,Europe,CHE,Switzerland,,,,8929.325195,8929.33,,
GHED_GGHE-DGGE_SHA2011,Domestic general government health expenditure (GGHE-D) as percentage of general government expenditure (GGE) (%),https://www.who.int/data/gho/data/indicators/indicator-details/GHO/domestic-general-government-health-expenditure-%28gghe-d%29-as-percentage-of-general-government-expenditure-%28gge%29,2019,2019,2019,EUR,Europe,CHE,Switzerland,,,,11.51255226,11.51,,
GHED_GGHE-DCHE_SHA2011,Domestic general government health expenditure (GGHE-D) as percentage of current health expenditure (CHE) (%),https://www.who.int/data/gho/data/indicators/indicator-details/GHO/domestic-general-government-health-expenditure-%28gche-d%29-as-percentage-of-current-health-expenditure,2008,2008,2008,EUR,Europe,CHE,Switzerland,,,,31.60577965,31.61,,
GHED_EXTCHE_SHA2011,External health expenditure (EXT) as percentage of current health expenditure (CHE) (%),https://www.who.int/data/gho/data/indicators/indicator-details/GHO/external-health-expenditure-%28ext%29-as-percentage-of-current-health-expenditure-%28che%29-%28-%29,2021,2021,2021,EUR,Europe,CHE,Switzerland,,,,0.0,0,,
GHED_CHEGDP_SHA2011,Current health expenditure (CHE) as percentage of gross domestic product (GDP) (%),https://www.who.int/data/gho/data/indicators/indicator-details/GHO/current-health-expenditure-%28che%29-as-percentage-of-gross-domestic-product-%28gdp%29-%28-%29,2022,2022,2022,EUR,Europe,CHE,Switzerland,,,,11.70653343,11.71,,
GHED_OOP_pc_US_SHA2011,Out-of-pocket expenditure (OOP) per capita in US$,https://www.who.int/data/gho/data/indicators/indicator-details/GHO/out-of-pocket-expenditure-%28oop%29-per-capita-in-us,2015,2015,2015,EUR,Europe,CHE,Switzerland,,,,2042.224044,2042.22,,
GHED_EXTCHE_SHA2011,External health expenditure (EXT) as percentage of current health expenditure (CHE) (%),https://www.who.int/data/gho/data/indicators/indicator-details/GHO/external-health-expenditure-%28ext%29-as-percentage-of-current-health-expenditure-%28che%29-%28-%29,2003,2003,2003,EUR,Europe,CHE,Switzerland,,,,0.0,0,,
GHED_EXT_pc_US_SHA2011,External health expenditure (EXT) per capita in US$,https://www.who.int/data/gho/data/indicators/indicator-details/GHO/external-health-expenditure-%28ext%29-per-capita-in-us,2001,2001,2001,EUR,Europe,CHE,Switzerland,,,,0.0,0,,
GHED_GGHE-D_pc_US_SHA2011,Domestic general government health expenditure (GGHE-D) per capita in US$,https://www.who.int/data/gho/data/indicators/indicator-details/GHO/domestic-general-government-health-expenditure-%28gghe-d%29-per-capita-in-us,2010,2010,2010,EUR,Europe,CHE,Switzerland,,,,2570.975585,2570.98,,
GHED_EXT_pc_US_SHA2011,External health expenditure (EXT) per capita in US$,https://www.who.int/data/gho/data/indicators/indicator-details/GHO/external-health-expenditure-%28ext%29-per-capita-in-us,2006,2006,2006,EUR,Europe,CHE,Switzerland,,,,0.0,0,,
GHED_PVT-D_pc_US_SHA2011,Domestic private health expenditure (PVT-D) per capita in US$,https://www.who.int/data/gho/data/indicators/indicator-details/GHO/domestic-private-health-expenditure-%28pvt-d%29-per-capita-in-usd,2003,2003,2003,EUR,Europe,CHE,Switzerland,,,,3442.421754,3442.42,,
GHED_CHE_pc_US_SHA2011,Current health expenditure (CHE) per capita in US$,https://www.who.int/data/gho/data/indicators/indicator-details/GHO/current-health-expenditure-%28che%29-per-capita-in-us-dollar,2017,2017,2017,EUR,Europe,CHE,Switzerland,,,,9423.649414,9423.65,,
GHED_CHEGDP_SHA2011,Current health expenditure (CHE) as percentage of gross domestic product (GDP) (%),https://www.who.int/data/gho/data/indicators/indicator-details/GHO/current-health-expenditure-%28che%29-as-percentage-of-gross-domestic-product-%28gdp%29-%28-%29,2016,2016,2016,EUR,Europe,CHE,Switzerland,,,,11.2294054,11.23,,
GHED_EXT_pc_US_SHA2011,External health expenditure (EXT) per capita in US$,https://www.who.int/data/gho/data/indicators/indicator-details/GHO/external-health-expenditure-%28ext%29-per-capita-in-us,2020,2020,2020,EUR,Europe,CHE,Switzerland,,,,0.0,0,,
GHED_OOP_pc_US_SHA2011,Out-of-pocket expenditure (OOP) per capita in US$,https://www.who.int/data/gho/data/indicators/indicator-details/GHO/out-of-pocket-expenditure-%28oop%29-per-capita-in-us,2013,2013,2013,EUR,Europe,CHE,Switzerland,,,,2121.468387,2121.47,,
GHED_CHE_pc_US_SHA2011,Current health expenditure (CHE) per capita in US$,https://www.who.int/data/gho/data/indicators/indicator-details/GHO/current-health-expenditure-%28che%29-per-capita-in-us-dollar,2006,2006,2006,EUR,Europe,CHE,Switzerland,,,,5671.981445,5671.98,,
GHED_GGHE-DGGE_SHA2011,Domestic general government health expenditure (GGHE-D) as percentage of general government expenditure (GGE) (%),https://www.who.int/data/gho/data/indicators/indicator-details/GHO/domestic-general-government-health-expenditure-%28gghe-d%29-as-percentage-of-general-government-expenditure-%28gge%29,2000,2000,2000,EUR,Europe,CHE,Switzerland,,,,7.83617067,7.84,,
GHED_OOP_pc_US_SHA2011,Out-of-pocket expenditure (OOP) per capita in US$,https://www.who.int/data/gho/data/indicators/indicator-details/GHO/out-of-pocket-expenditure-%28oop%29-per-capita-in-us,2006,2006,2006,EUR,Europe,CHE,Switzerland,,,,1551.256247,1551.26,,
GHED_EXT_pc_US_SHA2011,External health expenditure (EXT) per capita in US$,https://www.who.int/data/gho/data/indicators/indicator-details/GHO/external-health-expenditure-%28ext%29-per-capita-in-us,2008,2008,2008,EUR,Europe,CHE,Switzerland,,,,0.0,0,,
GHED_OOP_pc_US_SHA2011,Out-of-pocket expenditure (OOP) per capita in US$,https://www.who.int/data/gho/data/indicators/indicator-details/GHO/out-of-pocket-expenditure-%28oop%29-per-capita-in-us,2002,2002,2002,EUR,Europe,CHE,Switzerland,,,,1223.493585,1223.49,,
GHED_GGHE-D_pc_US_SHA2011,Domestic general government health expenditure (GGHE-D) per capita in US$,https://www.who.int/data/gho/data/indicators/indicator-details/GHO/domestic-general-government-health-expenditure-%28gghe-d%29-per-capita-in-us,2001,2001,2001,EUR,Europe,CHE,Switzerland,,,,1127.723616,1127.72,,
GHED_PVT-DCHE_SHA2011,Domestic private health expenditure (PVT-D) as percentage of current health expenditure (CHE) (%),https://www.who.int/data/gho/data/indicators/indicator-details/GHO/domestic-private-health-expenditure-%28pvt-d%29-as-percentage-of-current-health-expenditure-%28che%29-%28-%29,2009,2009,2009,EUR,Europe,CHE,Switzerland,,,,67.85113525,67.85,,
GHED_OOP_pc_US_SHA2011,Out-of-pocket expenditure (OOP) per capita in US$,https://www.who.int/data/gho/data/indicators/indicator-details/GHO/out-of-pocket-expenditure-%28oop%29-per-capita-in-us,2021,2021,2021,EUR,Europe,CHE,Switzerland,,,,2397.618832,2397.62,,
GHED_CHEGDP_SHA2011,Current health expenditure (CHE) as percentage of gross domestic product (GDP) (%),https://www.who.int/data/gho/data/indicators/indicator-details/GHO/current-health-expenditure-%28che%29-as-percentage-of-gross-domestic-product-%28gdp%29-%28-%29,2012,2012,2012,EUR,Europe,CHE,Switzerland,,,,10.34784985,10.35,,
GHED_EXT_pc_US_SHA2011,External health expenditure (EXT) per capita in US$,https://www.who.int/data/gho/data/indicators/indicator-details/GHO/external-health-expenditure-%28ext%29-per-capita-in-us,2011,2011,2011,EUR,Europe,CHE,Switzerland,,,,0.0,0,,
GHED_EXT_pc_US_SHA2011,External health expenditure (EXT) per capita in US$,https://www.who.int/data/gho/data/indicators/indicator-details/GHO/external-health-expenditure-%28ext%29-per-capita-in-us,2004,2004,2004,EUR,Europe,CHE,Switzerland,,,,0.0,0,,
GHED_EXTCHE_SHA2011,External health expenditure (EXT) as percentage of current health expenditure (CHE) (%),https://www.who.int/data/gho/data/indicators/indicator-details/GHO/external-health-expenditure-%28ext%29-as-percentage-of-current-health-expenditure-%28che%29-%28-%29,2007,2007,2007,EUR,Europe,CHE,Switzerland,,,,0.0,0,,
GHED_GGHE-DGDP_SHA2011,Domestic general government health expenditure (GGHE-D) as percentage of gross domestic product (GDP) (%),https://www.who.int/data/gho/data/indicators/indicator-details/GHO/domestic-general-government-health-expenditure-%28gghe-d%29-as-percentage-of-gross-domestic-product-%28gdp%29-%28-%29,2016,2016,2016,EUR,Europe,CHE,Switzerland,,,,3.79040122,3.79,,
GHED_EXTCHE_SHA2011,External health expenditure (EXT) as percentage of current health expenditure (CHE) (%),https://www.who.int/data/gho/data/indicators/indicator-details/GHO/external-health-expenditure-%28ext%29-as-percentage-of-current-health-expenditure-%28che%29-%28-%29,2022,2022,2022,EUR,Europe,CHE,Switzerland,,,,0.0,0,,
GHED_CHE_pc_US_SHA2011,Current health expenditure (CHE) per capita in US$,https://www.who.int/data/gho/data/indicators/indicator-details/GHO/current-health-expenditure-%28che%29-per-capita-in-us-dollar,2009,2009,2009,EUR,Europe,CHE,Switzerland,,,,7297.379883,7297.38,,
GHED_CHEGDP_SHA2011,Current health expenditure (CHE) as percentage of gross domestic product (GDP) (%),https://www.who.int/data/gho/data/indicators/indicator-details/GHO/current-health-expenditure-%28che%29-as-percentage-of-gross-domestic-product-%28gdp%29-%28-%29,2002,2002,2002,EUR,Europe,CHE,Switzerland,,,,9.88000107,9.88,,
GHED_CHEGDP_SHA2011,Current health expenditure (CHE) as percentage of gross domestic product (GDP) (%),https://www.who.int/data/gho/data/indicators/indicator-details/GHO/current-health-expenditure-%28che%29-as-percentage-of-gross-domestic-product-%28gdp%29-%28-%29,2010,2010,2010,EUR,Europe,CHE,Switzerland,,,,10.00535202,10.01,,
GHED_EXT_pc_US_SHA2011,External health expenditure (EXT) per capita in US$,https://www.who.int/data/gho/data/indicators/indicator-details/GHO/external-health-expenditure-%28ext%29-per-capita-in-us,2005,2005,2005,EUR,Europe,CHE,Switzerland,,,,0.0,0,,
GHED_PVT-D_pc_US_SHA2011,Domestic private health expenditure (PVT-D) per capita in US$,https://www.who.int/data/gho/data/indicators/indicator-details/GHO/domestic-private-health-expenditure-%28pvt-d%29-per-capita-in-usd,2004,2004,2004,EUR,Europe,CHE,Switzerland,,,,3876.437621,3876.44,,
GHED_GGHE-DCHE_SHA2011,Domestic general government health expenditure (GGHE-D) as percentage of current health expenditure (CHE) (%),https://www.who.int/data/gho/data/indicators/indicator-details/GHO/domestic-general-government-health-expenditure-%28gche-d%29-as-percentage-of-current-health-expenditure,2015,2015,2015,EUR,Europe,CHE,Switzerland,,,,33.60396957,33.6,,
GHED_OOPSCHE_SHA2011,Out-of-pocket expenditure as percentage of current health expenditure (CHE) (%),https://www.who.int/data/gho/data/indicators/indicator-details/GHO/out-of-pocket-expenditure-as-percentage-of-current-health-expenditure-%28che%29-%28-%29,2012,2012,2012,EUR,Europe,CHE,Switzerland,,,,23.28746414,23.29,,
GHED_EXT_pc_US_SHA2011,External health expenditure (EXT) per capita in US$,https://www.who.int/data/gho/data/indicators/indicator-details/GHO/external-health-expenditure-%28ext%29-per-capita-in-us,2003,2003,2003,EUR,Europe,CHE,Switzerland,,,,0.0,0,,
GHED_OOPSCHE_SHA2011,Out-of-pocket expenditure as percentage of current health expenditure (CHE) (%),https://www.who.int/data/gho/data/indicators/indicator-details/GHO/out-of-pocket-expenditure-as-percentage-of-current-health-expenditure-%28che%29-%28-%29,2010,2010,2010,EUR,Europe,CHE,Switzerland,,,,23.98251724,23.98,,
GHED_GGHE-D_pc_US_SHA2011,Domestic general government health expenditure (GGHE-D) per capita in US$,https://www.who.int/data/gho/data/indicators/indicator-details/GHO/domestic-general-government-health-expenditure-%28gghe-d%29-per-capita-in-us,2022,2022,2022,EUR,Europe,CHE,Switzerland,,,,3832.193254,3832.19,,
GHED_PVT-DCHE_SHA2011,Domestic private health expenditure (PVT-D) as percentage of current health expenditure (CHE) (%),https://www.who.int/data/gho/data/indicators/indicator-details/GHO/domestic-private-health-expenditure-%28pvt-d%29-as-percentage-of-current-health-expenditure-%28che%29-%28-%29,2002,2002,2002,EUR,Europe,CHE,Switzerland,,,,68.63698578,68.64,,
GHED_OOP_pc_US_SHA2011,Out-of-pocket expenditure (OOP) per capita in US$,https://www.who.int/data/gho/data/indicators/indicator-details/GHO/out-of-pocket-expenditure-%28oop%29-per-capita-in-us,2020,2020,2020,EUR,Europe,CHE,Switzerland,,,,2137.097125,2137.1,,
GHED_CHEGDP_SHA2011,Current health expenditure (CHE) as percentage of gross domestic product (GDP) (%),https://www.who.int/data/gho/data/indicators/indicator-details/GHO/current-health-expenditure-%28che%29-as-percentage-of-gross-domestic-product-%28gdp%29-%28-%29,2020,2020,2020,EUR,Europe,CHE,Switzerland,,,,12.00404072,12,,
GHED_CHE_pc_US_SHA2011,Current health expenditure (CHE) per capita in US$,https://www.who.int/data/gho/data/indicators/indicator-details/GHO/current-health-expenditure-%28che%29-per-capita-in-us-dollar,2014,2014,2014,EUR,Europe,CHE,Switzerland,,,,9550.455078,9550.46,,
GHED_GGHE-DGGE_SHA2011,Domestic general government health expenditure (GGHE-D) as percentage of general government expenditure (GGE) (%),https://www.who.int/data/gho/data/indicators/indicator-details/GHO/domestic-general-government-health-expenditure-%28gghe-d%29-as-percentage-of-general-government-expenditure-%28gge%29,2013,2013,2013,EUR,Europe,CHE,Switzerland,,,,10.62408447,10.62,,
GHED_GGHE-D_pc_US_SHA2011,Domestic general government health expenditure (GGHE-D) per capita in US$,https://www.who.int/data/gho/data/indicators/indicator-details/GHO/domestic-general-government-health-expenditure-%28gghe-d%29-per-capita-in-us,2009,2009,2009,EUR,Europe,CHE,Switzerland,,,,2346.025115,2346.03,,
GHED_GGHE-D_pc_US_SHA2011,Domestic general government health expenditure (GGHE-D) per capita in US$,https://www.who.int/data/gho/data/indicators/indicator-details/GHO/domestic-general-government-health-expenditure-%28gghe-d%29-per-capita-in-us,2004,2004,2004,EUR,Europe,CHE,Switzerland,,,,1732.265764,1732.27,,
GHED_GGHE-DGGE_SHA2011,Domestic general government health expenditure (GGHE-D) as percentage of general government expenditure (GGE) (%),https://www.who.int/data/gho/data/indicators/indicator-details/GHO/domestic-general-government-health-expenditure-%28gghe-d%29-as-percentage-of-general-government-expenditure-%28gge%29,2009,2009,2009,EUR,Europe,CHE,Switzerland,,,,9.97373199,9.97,,
GHED_GGHE-DCHE_SHA2011,Domestic general government health expenditure (GGHE-D) as percentage of current health expenditure (CHE) (%),https://www.who.int/data/gho/data/indicators/indicator-details/GHO/domestic-general-government-health-expenditure-%28gche-d%29-as-percentage-of-current-health-expenditure,2019,2019,2019,EUR,Europe,CHE,Switzerland,,,,33.5100174,33.51,,
GHED_GGHE-DGDP_SHA2011,Domestic general government health expenditure (GGHE-D) as percentage of gross domestic product (GDP) (%),https://www.who.int/data/gho/data/indicators/indicator-details/GHO/domestic-general-government-health-expenditure-%28gghe-d%29-as-percentage-of-gross-domestic-product-%28gdp%29-%28-%29,2014,2014,2014,EUR,Europe,CHE,Switzerland,,,,3.61607409,3.62,,
GHED_EXTCHE_SHA2011,External health expenditure (EXT) as percentage of current health expenditure (CHE) (%),https://www.who.int/data/gho/data/indicators/indicator-details/GHO/external-health-expenditure-%28ext%29-as-percentage-of-current-health-expenditure-%28che%29-%28-%29,2020,2020,2020,EUR,Europe,CHE,Switzerland,,,,0.0,0,,
GHED_CHE_pc_US_SHA2011,Current health expenditure (CHE) per capita in US$,https://www.who.int/data/gho/data/indicators/indicator-details/GHO/current-health-expenditure-%28che%29-per-capita-in-us-dollar,2016,2016,2016,EUR,Europe,CHE,Switzerland,,,,9276.50293,9276.5,,
GHED_CHEGDP_SHA2011,Current health expenditure (CHE) as percentage of gross domestic product (GDP) (%),https://www.who.int/data/gho/data/indicators/indicator-details/GHO/current-health-expenditure-%28che%29-as-percentage-of-gross-domestic-product-%28gdp%29-%28-%29,2009,2009,2009,EUR,Europe,CHE,Switzerland,,,,10.1415062,10.14,,
GHED_CHEGDP_SHA2011,Current health expenditure (CHE) as percentage of gross domestic product (GDP) (%),https://www.who.int/data/gho/data/indicators/indicator-details/GHO/current-health-expenditure-%28che%29-as-percentage-of-gross-domestic-product-%28gdp%29-%28-%29,2004,2004,2004,EUR,Europe,CHE,Switzerland,,,,10.22576523,10.23,,
GHED_OOPSCHE_SHA2011,Out-of-pocket expenditure as percentage of current health expenditure (CHE) (%),https://www.who.int/data/gho/data/indicators/indicator-details/GHO/out-of-pocket-expenditure-as-percentage-of-current-health-expenditure-%28che%29-%28-%29,2007,2007,2007,EUR,Europe,CHE,Switzerland,,,,27.33333206,27.33,,
GHED_CHE_pc_US_SHA2011,Current health expenditure (CHE) per capita in US$,https://www.who.int/data/gho/data/indicators/indicator-details/GHO/current-health-expenditure-%28che%29-per-capita-in-us-dollar,2020,2020,2020,EUR,Europe,CHE,Switzerland,,,,10348.34668,10348.35,,
GHED_GGHE-DGDP_SHA2011,Domestic general government health expenditure (GGHE-D) as percentage of gross domestic product (GDP) (%),https://www.who.int/data/gho/data/indicators/indicator-details/GHO/domestic-general-government-health-expenditure-%28gghe-d%29-as-percentage-of-gross-domestic-product-%28gdp%29-%28-%29,2019,2019,2019,EUR,Europe,CHE,Switzerland,,,,3.82881737,3.83,,
GHED_PVT-D_pc_US_SHA2011,Domestic private health expenditure (PVT-D) per capita in US$,https://www.who.int/data/gho/data/indicators/indicator-details/GHO/domestic-private-health-expenditure-%28pvt-d%29-per-capita-in-usd,2018,2018,2018,EUR,Europe,CHE,Switzerland,,,,6367.010857,6367.01,,
GHED_PVT-D_pc_US_SHA2011,Domestic private health expenditure (PVT-D) per capita in US$,https://www.who.int/data/gho/data/indicators/indicator-details/GHO/domestic-private-health-expenditure-%28pvt-d%29-per-capita-in-usd,2006,2006,2006,EUR,Europe,CHE,Switzerland,,,,3935.84744,3935.85,,
GHED_GGHE-D_pc_US_SHA2011,Domestic general government health expenditure (GGHE-D) per capita in US$,https://www.who.int/data/gho/data/indicators/indicator-details/GHO/domestic-general-government-health-expenditure-%28gghe-d%29-per-capita-in-us,2013,2013,2013,EUR,Europe,CHE,Switzerland,,,,3138.728811,3138.73,,
GHED_PVT-DCHE_SHA2011,Domestic private health expenditure (PVT-D) as percentage of current health expenditure (CHE) (%),https://www.who.int/data/gho/data/indicators/indicator-details/GHO/domestic-private-health-expenditure-%28pvt-d%29-as-percentage-of-current-health-expenditure-%28che%29-%28-%29,2003,2003,2003,EUR,Europe,CHE,Switzerland,,,,68.59426117,68.59,,
GHED_CHE_pc_US_SHA2011,Current health expenditure (CHE) per capita in US$,https://www.who.int/data/gho/data/indicators/indicator-details/GHO/current-health-expenditure-%28che%29-per-capita-in-us-dollar,2002,2002,2002,EUR,Europe,CHE,Switzerland,,,,4211.729492,4211.73,,
GHED_GGHE-DGDP_SHA2011,Domestic general government health expenditure (GGHE-D) as percentage of gross domestic product (GDP) (%),https://www.who.int/data/gho/data/indicators/indicator-details/GHO/domestic-general-government-health-expenditure-%28gghe-d%29-as-percentage-of-gross-domestic-product-%28gdp%29-%28-%29,2017,2017,2017,EUR,Europe,CHE,Switzerland,,,,3.84515381,3.85,,
GHED_GGHE-DGGE_SHA2011,Domestic general government health expenditure (GGHE-D) as percentage of general government expenditure (GGE) (%),https://www.who.int/data/gho/data/indicators/indicator-details/GHO/domestic-general-government-health-expenditure-%28gghe-d%29-as-percentage-of-general-government-expenditure-%28gge%29,2005,2005,2005,EUR,Europe,CHE,Switzerland,,,,9.39204693,9.39,,
GHED_GGHE-DGDP_SHA2011,Domestic general government health expenditure (GGHE-D) as percentage of gross domestic product (GDP) (%),https://www.who.int/data/gho/data/indicators/indicator-details/GHO/domestic-general-government-health-expenditure-%28gghe-d%29-as-percentage-of-gross-domestic-product-%28gdp%29-%28-%29,2022,2022,2022,EUR,Europe,CHE,Switzerland,,,,4.09193945,4.09,,
GHED_OOP_pc_US_SHA2011,Out-of-pocket expenditure (OOP) per capita in US$,https://www.who.int/data/gho/data/indicators/indicator-details/GHO/out-of-pocket-expenditure-%28oop%29-per-capita-in-us,2001,2001,2001,EUR,Europe,CHE,Switzerland,,,,1133.524519,1133.52,,
GHED_GGHE-DGGE_SHA2011,Domestic general government health expenditure (GGHE-D) as percentage of general government expenditure (GGE) (%),https://www.who.int/data/gho/data/indicators/indicator-details/GHO/domestic-general-government-health-expenditure-%28gghe-d%29-as-percentage-of-general-government-expenditure-%28gge%29,2022,2022,2022,EUR,Europe,CHE,Switzerland,,,,12.41126156,12.41,,
GHED_PVT-DCHE_SHA2011,Domestic private health expenditure (PVT-D) as percentage of current health expenditure (CHE) (%),https://www.who.int/data/gho/data/indicators/indicator-details/GHO/domestic-private-health-expenditure-%28pvt-d%29-as-percentage-of-current-health-expenditure-%28che%29-%28-%29,2013,2013,2013,EUR,Europe,CHE,Switzerland,,,,66.34061432,66.34,,
GHED_PVT-DCHE_SHA2011,Domestic private health expenditure (PVT-D) as percentage of current health expenditure (CHE) (%),https://www.who.int/data/gho/data/indicators/indicator-details/GHO/domestic-private-health-expenditure-%28pvt-d%29-as-percentage-of-current-health-expenditure-%28che%29-%28-%29,2018,2018,2018,EUR,Europe,CHE,Switzerland,,,,66.48020935,66.48,,
GHED_GGHE-DCHE_SHA2011,Domestic general government health expenditure (GGHE-D) as percentage of current health expenditure (CHE) (%),https://www.who.int/data/gho/data/indicators/indicator-details/GHO/domestic-general-government-health-expenditure-%28gche-d%29-as-percentage-of-current-health-expenditure,2007,2007,2007,EUR,Europe,CHE,Switzerland,,,,30.71067238,30.71,,
GHED_GGHE-DCHE_SHA2011,Domestic general government health expenditure (GGHE-D) as percentage of current health expenditure (CHE) (%),https://www.who.int/data/gho/data/indicators/indicator-details/GHO/domestic-general-government-health-expenditure-%28gche-d%29-as-percentage-of-current-health-expenditure,2017,2017,2017,EUR,Europe,CHE,Switzerland,,,,33.69115067,33.69,,
GHED_GGHE-DGDP_SHA2011,Domestic general government health expenditure (GGHE-D) as percentage of gross domestic product (GDP) (%),https://www.who.int/data/gho/data/indicators/indicator-details/GHO/domestic-general-government-health-expenditure-%28gghe-d%29-as-percentage-of-gross-domestic-product-%28gdp%29-%28-%29,2001,2001,2001,EUR,Europe,CHE,Switzerland,,,,2.8348732,2.83,,
GHED_GGHE-DGGE_SHA2011,Domestic general government health expenditure (GGHE-D) as percentage of general government expenditure (GGE) (%),https://www.who.int/data/gho/data/indicators/indicator-details/GHO/domestic-general-government-health-expenditure-%28gghe-d%29-as-percentage-of-general-government-expenditure-%28gge%29,2020,2020,2020,EUR,Europe,CHE,Switzerland,,,,11.23975754,11.24,,
GHED_PVT-DCHE_SHA2011,Domestic private health expenditure (PVT-D) as percentage of current health expenditure (CHE) (%),https://www.who.int/data/gho/data/indicators/indicator-details/GHO/domestic-private-health-expenditure-%28pvt-d%29-as-percentage-of-current-health-expenditure-%28che%29-%28-%29,2000,2000,2000,EUR,Europe,CHE,Switzerland,,,,71.4338913,71.43,,
GHED_PVT-D_pc_US_SHA2011,Domestic private health expenditure (PVT-D) per capita in US$,https://www.who.int/data/gho/data/indicators/indicator-details/GHO/domestic-private-health-expenditure-%28pvt-d%29-per-capita-in-usd,2013,2013,2013,EUR,Europe,CHE,Switzerland,,,,6186.243816,6186.24,,
GHED_OOPSCHE_SHA2011,Out-of-pocket expenditure as percentage of current health expenditure (CHE) (%),https://www.who.int/data/gho/data/indicators/indicator-details/GHO/out-of-pocket-expenditure-as-percentage-of-current-health-expenditure-%28che%29-%28-%29,2021,2021,2021,EUR,Europe,CHE,Switzerland,,,,21.28902435,21.29,,
GHED_GGHE-DCHE_SHA2011,Domestic general government health expenditure (GGHE-D) as percentage of current health expenditure (CHE) (%),https://www.who.int/data/gho/data/indicators/indicator-details/GHO/domestic-general-government-health-expenditure-%28gche-d%29-as-percentage-of-current-health-expenditure,2005,2005,2005,EUR,Europe,CHE,Switzerland,,,,31.04800797,31.05,,
GHED_CHE_pc_US_SHA2011,Current health expenditure (CHE) per capita in US$,https://www.who.int/data/gho/data/indicators/indicator-details/GHO/current-health-expenditure-%28che%29-per-capita-in-us-dollar,2021,2021,2021,EUR,Europe,CHE,Switzerland,,,,11262.23047,11262.23,,
GHED_OOP_pc_US_SHA2011,Out-of-pocket expenditure (OOP) per capita in US$,https://www.who.int/data/gho/data/indicators/indicator-details/GHO/out-of-pocket-expenditure-%28oop%29-per-capita-in-us,2018,2018,2018,EUR,Europe,CHE,Switzerland,,,,2102.136326,2102.14,,
GHED_EXT_pc_US_SHA2011,External health expenditure (EXT) per capita in US$,https://www.who.int/data/gho/data/indicators/indicator-details/GHO/external-health-expenditure-%28ext%29-per-capita-in-us,2007,2007,2007,EUR,Europe,CHE,Switzerland,,,,0.0,0,,
GHED_CHEGDP_SHA2011,Current health expenditure (CHE) as percentage of gross domestic product (GDP) (%),https://www.who.int/data/gho/data/indicators/indicator-details/GHO/current-health-expenditure-%28che%29-as-percentage-of-gross-domestic-product-%28gdp%29-%28-%29,2007,2007,2007,EUR,Europe,CHE,Switzerland,,,,9.41693783,9.42,,
GHED_CHE_pc_US_SHA2011,Current health expenditure (CHE) per capita in US$,https://www.who.int/data/gho/data/indicators/indicator-details/GHO/current-health-expenditure-%28che%29-per-capita-in-us-dollar,2005,2005,2005,EUR,Europe,CHE,Switzerland,,,,5673.939941,5673.94,,
GHED_PVT-D_pc_US_SHA2011,Domestic private health expenditure (PVT-D) per capita in US$,https://www.who.int/data/gho/data/indicators/indicator-details/GHO/domestic-private-health-expenditure-%28pvt-d%29-per-capita-in-usd,2020,2020,2020,EUR,Europe,CHE,Switzerland,,,,6632.953564,6632.95,,
GHED_PVT-D_pc_US_SHA2011,Domestic private health expenditure (PVT-D) per capita in US$,https://www.who.int/data/gho/data/indicators/indicator-details/GHO/domestic-private-health-expenditure-%28pvt-d%29-per-capita-in-usd,2002,2002,2002,EUR,Europe,CHE,Switzerland,,,,2890.804292,2890.8,,
GHED_EXTCHE_SHA2011,External health expenditure (EXT) as percentage of current health expenditure (CHE) (%),https://www.who.int/data/gho/data/indicators/indicator-details/GHO/external-health-expenditure-%28ext%29-as-percentage-of-current-health-expenditure-%28che%29-%28-%29,2013,2013,2013,EUR,Europe,CHE,Switzerland,,,,0.0,0,,
GHED_PVT-DCHE_SHA2011,Domestic private health expenditure (PVT-D) as percentage of current health expenditure (CHE) (%),https://www.who.int/data/gho/data/indicators/indicator-details/GHO/domestic-private-health-expenditure-%28pvt-d%29-as-percentage-of-current-health-expenditure-%28che%29-%28-%29,2007,2007,2007,EUR,Europe,CHE,Switzerland,,,,69.28932953,69.29,,
GHED_EXTCHE_SHA2011,External health expenditure (EXT) as percentage of current health expenditure (CHE) (%),https://www.who.int/data/gho/data/indicators/indicator-details/GHO/external-health-expenditure-%28ext%29-as-percentage-of-current-health-expenditure-%28che%29-%28-%29,2000,2000,2000,EUR,Europe,CHE,Switzerland,,,,0.0,0,,
GHED_PVT-D_pc_US_SHA2011,Domestic private health expenditure (PVT-D) per capita in US$,https://www.who.int/data/gho/data/indicators/indicator-details/GHO/domestic-private-health-expenditure-%28pvt-d%29-per-capita-in-usd,2000,2000,2000,EUR,Europe,CHE,Switzerland,,,,2542.917618,2542.92,,
GHED_EXTCHE_SHA2011,External health expenditure (EXT) as percentage of current health expenditure (CHE) (%),https://www.who.int/data/gho/data/indicators/indicator-details/GHO/external-health-expenditure-%28ext%29-as-percentage-of-current-health-expenditure-%28che%29-%28-%29,2019,2019,2019,EUR,Europe,CHE,Switzerland,,,,0.0,0,,
GHED_PVT-DCHE_SHA2011,Domestic private health expenditure (PVT-D) as percentage of current health expenditure (CHE) (%),https://www.who.int/data/gho/data/indicators/indicator-details/GHO/domestic-private-health-expenditure-%28pvt-d%29-as-percentage-of-current-health-expenditure-%28che%29-%28-%29,2021,2021,2021,EUR,Europe,CHE,Switzerland,,,,64.15856171,64.16,,
GHED_PVT-D_pc_US_SHA2011,Domestic private health expenditure (PVT-D) per capita in US$,https://www.who.int/data/gho/data/indicators/indicator-details/GHO/domestic-private-health-expenditure-%28pvt-d%29-per-capita-in-usd,2019,2019,2019,EUR,Europe,CHE,Switzerland,,,,6414.231198,6414.23,,
